Insert into DEPARTMENT (DEPARTMENETID,LABEL) values ('05','EM');
Insert into DEPARTMENT (DEPARTMENETID,LABEL) values ('06','GC');
Insert into DEPARTMENT (DEPARTMENETID,LABEL) values ('04','TIC-SysRésTél');
Insert into DEPARTMENT (DEPARTMENETID,LABEL) values ('01','CoGED');
Insert into DEPARTMENT (DEPARTMENETID,LABEL) values ('03','TIC-SI');
Insert into DEPARTMENT (DEPARTMENETID,LABEL) values ('02','TIC-TC');

Insert into DEPARTMENT_UP (DEPARTMENTENTITY_DEPARTMENETID,UP) values ('05','UP-AS');
Insert into DEPARTMENT_UP (DEPARTMENTENTITY_DEPARTMENETID,UP) values ('05','UP-MEC');
Insert into DEPARTMENT_UP (DEPARTMENTENTITY_DEPARTMENETID,UP) values ('05','UP-PI');
Insert into DEPARTMENT_UP (DEPARTMENTENTITY_DEPARTMENETID,UP) values ('05','UP-2E');
Insert into DEPARTMENT_UP (DEPARTMENTENTITY_DEPARTMENETID,UP) values ('06','UP-GC');
Insert into DEPARTMENT_UP (DEPARTMENTENTITY_DEPARTMENETID,UP) values ('04','UP_EMB');
Insert into DEPARTMENT_UP (DEPARTMENTENTITY_DEPARTMENETID,UP) values ('04','UP-TEL-EMB');
Insert into DEPARTMENT_UP (DEPARTMENTENTITY_DEPARTMENETID,UP) values ('04','UP_RESEAUX');
Insert into DEPARTMENT_UP (DEPARTMENTENTITY_DEPARTMENETID,UP) values ('04','UP_SYSTEME');
Insert into DEPARTMENT_UP (DEPARTMENTENTITY_DEPARTMENETID,UP) values ('04','UP_TELECOM');
Insert into DEPARTMENT_UP (DEPARTMENTENTITY_DEPARTMENETID,UP) values ('01','UP_LANGUE');
Insert into DEPARTMENT_UP (DEPARTMENTENTITY_DEPARTMENETID,UP) values ('01','UP_GESTION');
Insert into DEPARTMENT_UP (DEPARTMENTENTITY_DEPARTMENETID,UP) values ('03','UP_WEB');
Insert into DEPARTMENT_UP (DEPARTMENTENTITY_DEPARTMENETID,UP) values ('03','UP_JEE_DOTNET');
Insert into DEPARTMENT_UP (DEPARTMENTENTITY_DEPARTMENETID,UP) values ('03','UP_JAVA');
Insert into DEPARTMENT_UP (DEPARTMENTENTITY_DEPARTMENETID,UP) values ('03','UP_GL_BD');
Insert into DEPARTMENT_UP (DEPARTMENTENTITY_DEPARTMENETID,UP) values ('02','UP_MATH');
Insert into DEPARTMENT_UP (DEPARTMENTENTITY_DEPARTMENETID,UP) values ('02','UP_ALGO');

Insert into SPECIALITY (SPECIALITYID,LABEL) values ('1','Informatique');
Insert into SPECIALITY (SPECIALITYID,LABEL) values ('2','Telecommunication ');
Insert into SPECIALITY (SPECIALITYID,LABEL) values ('3','Génie-Civil');
Insert into SPECIALITY (SPECIALITYID,LABEL) values ('4','Electromecanique');
Insert into SPECIALITY (SPECIALITYID,LABEL) values ('5','Tronc commun Info-Telecom');

Insert into SEANCE (SEANCEID,ENDHOUR,STARTHOUR) values ('S3','1345','1230');
Insert into SEANCE (SEANCEID,ENDHOUR,STARTHOUR) values ('S4','1530','1400');
Insert into SEANCE (SEANCEID,ENDHOUR,STARTHOUR) values ('S5','1715','1545');
Insert into SEANCE (SEANCEID,ENDHOUR,STARTHOUR) values ('S1','1030','900');
Insert into SEANCE (SEANCEID,ENDHOUR,STARTHOUR) values ('S2','1215','1045');

Insert into SEMESTER (SEMESTREID,CODE,ENDDATE,STARTDATE) values ('103','1',to_date('13/12/21','DD/MM/RR'),to_date('06/09/21','DD/MM/RR'));
Insert into SEMESTER (SEMESTREID,CODE,ENDDATE,STARTDATE) values ('104','2',to_date('07/05/22','DD/MM/RR'),to_date('03/01/22','DD/MM/RR'));

Insert into PERIOD (PERIODID,CODE,ENDDATE,STARTDATE,FK_SEMESTER) values ('201','1',to_date('23/10/21','DD/MM/RR'),to_date('06/09/21','DD/MM/RR'),'103');
Insert into PERIOD (PERIODID,CODE,ENDDATE,STARTDATE,FK_SEMESTER) values ('202','2',to_date('18/12/21','DD/MM/RR'),to_date('30/10/21','DD/MM/RR'),'103');
Insert into PERIOD (PERIODID,CODE,ENDDATE,STARTDATE,FK_SEMESTER) values ('203','1',to_date('26/02/22','DD/MM/RR'),to_date('03/01/22','DD/MM/RR'),'104');
Insert into PERIOD (PERIODID,CODE,ENDDATE,STARTDATE,FK_SEMESTER) values ('204','2',to_date('07/05/22','DD/MM/RR'),to_date('07/03/22','DD/MM/RR'),'104');

Insert into SEMAINE (WEEKID,ENDDATE,STARTDATE,FK_PERIOD) values ('309',to_date('06/11/21','DD/MM/RR'),to_date('01/11/21','DD/MM/RR'),'202');
Insert into SEMAINE (WEEKID,ENDDATE,STARTDATE,FK_PERIOD) values ('311',to_date('20/11/21','DD/MM/RR'),to_date('15/11/21','DD/MM/RR'),'202');
Insert into SEMAINE (WEEKID,ENDDATE,STARTDATE,FK_PERIOD) values ('312',to_date('27/11/21','DD/MM/RR'),to_date('22/11/21','DD/MM/RR'),'202');
Insert into SEMAINE (WEEKID,ENDDATE,STARTDATE,FK_PERIOD) values ('313',to_date('04/12/21','DD/MM/RR'),to_date('29/11/21','DD/MM/RR'),'202');
Insert into SEMAINE (WEEKID,ENDDATE,STARTDATE,FK_PERIOD) values ('314',to_date('11/12/21','DD/MM/RR'),to_date('06/12/21','DD/MM/RR'),'202');
Insert into SEMAINE (WEEKID,ENDDATE,STARTDATE,FK_PERIOD) values ('315',to_date('18/12/25','DD/MM/RR'),to_date('13/12/21','DD/MM/RR'),'202');
Insert into SEMAINE (WEEKID,ENDDATE,STARTDATE,FK_PERIOD) values ('316',to_date('08/01/22','DD/MM/RR'),to_date('03/01/22','DD/MM/RR'),'202');
Insert into SEMAINE (WEEKID,ENDDATE,STARTDATE,FK_PERIOD) values ('301',to_date('11/09/21','DD/MM/RR'),to_date('06/09/21','DD/MM/RR'),'201');
Insert into SEMAINE (WEEKID,ENDDATE,STARTDATE,FK_PERIOD) values ('302',to_date('18/09/21','DD/MM/RR'),to_date('13/09/21','DD/MM/RR'),'201');
Insert into SEMAINE (WEEKID,ENDDATE,STARTDATE,FK_PERIOD) values ('303',to_date('25/09/21','DD/MM/RR'),to_date('20/09/21','DD/MM/RR'),'201');
Insert into SEMAINE (WEEKID,ENDDATE,STARTDATE,FK_PERIOD) values ('304',to_date('02/10/21','DD/MM/RR'),to_date('27/09/21','DD/MM/RR'),'201');
Insert into SEMAINE (WEEKID,ENDDATE,STARTDATE,FK_PERIOD) values ('305',to_date('09/10/21','DD/MM/RR'),to_date('04/10/21','DD/MM/RR'),'201');
Insert into SEMAINE (WEEKID,ENDDATE,STARTDATE,FK_PERIOD) values ('306',to_date('16/10/21','DD/MM/RR'),to_date('11/10/21','DD/MM/RR'),'201');
Insert into SEMAINE (WEEKID,ENDDATE,STARTDATE,FK_PERIOD) values ('307',to_date('23/10/25','DD/MM/RR'),to_date('18/10/21','DD/MM/RR'),'201');
Insert into SEMAINE (WEEKID,ENDDATE,STARTDATE,FK_PERIOD) values ('308',to_date('30/10/25','DD/MM/RR'),to_date('25/10/21','DD/MM/RR'),'201');
Insert into SEMAINE (WEEKID,ENDDATE,STARTDATE,FK_PERIOD) values ('317',to_date('15/01/22','DD/MM/RR'),to_date('10/01/22','DD/MM/RR'),'202');
Insert into SEMAINE (WEEKID,ENDDATE,STARTDATE,FK_PERIOD) values ('318',to_date('22/01/22','DD/MM/RR'),to_date('17/01/22','DD/MM/RR'),'202');
Insert into SEMAINE (WEEKID,ENDDATE,STARTDATE,FK_PERIOD) values ('319',to_date('29/01/25','DD/MM/RR'),to_date('24/01/22','DD/MM/RR'),'202');
Insert into SEMAINE (WEEKID,ENDDATE,STARTDATE,FK_PERIOD) values ('320',to_date('05/02/22','DD/MM/RR'),to_date('31/01/22','DD/MM/RR'),'203');
Insert into SEMAINE (WEEKID,ENDDATE,STARTDATE,FK_PERIOD) values ('321',to_date('12/02/22','DD/MM/RR'),to_date('07/02/22','DD/MM/RR'),'203');
Insert into SEMAINE (WEEKID,ENDDATE,STARTDATE,FK_PERIOD) values ('322',to_date('19/02/22','DD/MM/RR'),to_date('14/02/22','DD/MM/RR'),'203');
Insert into SEMAINE (WEEKID,ENDDATE,STARTDATE,FK_PERIOD) values ('323',to_date('26/02/22','DD/MM/RR'),to_date('21/02/22','DD/MM/RR'),'203');
Insert into SEMAINE (WEEKID,ENDDATE,STARTDATE,FK_PERIOD) values ('324',to_date('05/03/22','DD/MM/RR'),to_date('28/02/22','DD/MM/RR'),'203');
Insert into SEMAINE (WEEKID,ENDDATE,STARTDATE,FK_PERIOD) values ('325',to_date('12/03/22','DD/MM/RR'),to_date('07/03/22','DD/MM/RR'),'203');
Insert into SEMAINE (WEEKID,ENDDATE,STARTDATE,FK_PERIOD) values ('326',to_date('19/03/25','DD/MM/RR'),to_date('14/03/22','DD/MM/RR'),'203');
Insert into SEMAINE (WEEKID,ENDDATE,STARTDATE,FK_PERIOD) values ('327',to_date('26/03/25','DD/MM/RR'),to_date('21/03/22','DD/MM/RR'),'203');
Insert into SEMAINE (WEEKID,ENDDATE,STARTDATE,FK_PERIOD) values ('328',to_date('02/04/22','DD/MM/RR'),to_date('28/03/22','DD/MM/RR'),'204');
Insert into SEMAINE (WEEKID,ENDDATE,STARTDATE,FK_PERIOD) values ('310',to_date('13/11/21','DD/MM/RR'),to_date('08/11/21','DD/MM/RR'),'202');
Insert into SEMAINE (WEEKID,ENDDATE,STARTDATE,FK_PERIOD) values ('329',to_date('09/04/22','DD/MM/RR'),to_date('04/04/22','DD/MM/RR'),'204');
Insert into SEMAINE (WEEKID,ENDDATE,STARTDATE,FK_PERIOD) values ('330',to_date('16/04/22','DD/MM/RR'),to_date('11/04/22','DD/MM/RR'),'204');
Insert into SEMAINE (WEEKID,ENDDATE,STARTDATE,FK_PERIOD) values ('331',to_date('23/04/22','DD/MM/RR'),to_date('18/04/22','DD/MM/RR'),'204');
Insert into SEMAINE (WEEKID,ENDDATE,STARTDATE,FK_PERIOD) values ('332',to_date('30/04/22','DD/MM/RR'),to_date('25/04/22','DD/MM/RR'),'204');
Insert into SEMAINE (WEEKID,ENDDATE,STARTDATE,FK_PERIOD) values ('333',to_date('07/05/22','DD/MM/RR'),to_date('02/05/22','DD/MM/RR'),'204');
Insert into SEMAINE (WEEKID,ENDDATE,STARTDATE,FK_PERIOD) values ('334',to_date('14/05/22','DD/MM/RR'),to_date('09/05/22','DD/MM/RR'),'204');
Insert into SEMAINE (WEEKID,ENDDATE,STARTDATE,FK_PERIOD) values ('335',to_date('21/05/22','DD/MM/RR'),to_date('16/05/22','DD/MM/RR'),'204');
Insert into SEMAINE (WEEKID,ENDDATE,STARTDATE,FK_PERIOD) values ('336',to_date('28/05/22','DD/MM/RR'),to_date('23/05/22','DD/MM/RR'),'204');
Insert into SEMAINE (WEEKID,ENDDATE,STARTDATE,FK_PERIOD) values ('337',to_date('04/06/22','DD/MM/RR'),to_date('30/05/22','DD/MM/RR'),'204');
Insert into SEMAINE (WEEKID,ENDDATE,STARTDATE,FK_PERIOD) values ('338',to_date('11/06/22','DD/MM/RR'),to_date('06/06/22','DD/MM/RR'),'204');
Insert into SEMAINE (WEEKID,ENDDATE,STARTDATE,FK_PERIOD) values ('339',to_date('11/06/22','DD/MM/RR'),to_date('06/06/22','DD/MM/RR'),null);
Insert into SEMAINE (WEEKID,ENDDATE,STARTDATE,FK_PERIOD) values ('340',to_date('18/06/22','DD/MM/RR'),to_date('13/06/22','DD/MM/RR'),null);

Insert into SALLE (CLASSROOMID,BLOC,CAPACITY,LABEL,POLE) values ('C01','C','30','salle c01','g');
Insert into SALLE (CLASSROOMID,BLOC,CAPACITY,LABEL,POLE) values ('C02','C','30','salle c02','g');
Insert into SALLE (CLASSROOMID,BLOC,CAPACITY,LABEL,POLE) values ('CS 22','18','30','CS 22','c');
Insert into SALLE (CLASSROOMID,BLOC,CAPACITY,LABEL,POLE) values ('C05','C','30','salle c03','g');
Insert into SALLE (CLASSROOMID,BLOC,CAPACITY,LABEL,POLE) values ('C06','C','30','salle 06','g');
Insert into SALLE (CLASSROOMID,BLOC,CAPACITY,LABEL,POLE) values ('CS 23','18','30','CS 23','c');
Insert into SALLE (CLASSROOMID,BLOC,CAPACITY,LABEL,POLE) values ('CS 24','18','30','CS 24','c');
Insert into SALLE (CLASSROOMID,BLOC,CAPACITY,LABEL,POLE) values ('202','26','30','Salle 202','c');
Insert into SALLE (CLASSROOMID,BLOC,CAPACITY,LABEL,POLE) values ('CS 03','18','30','Salle CS 03','c');
Insert into SALLE (CLASSROOMID,BLOC,CAPACITY,LABEL,POLE) values ('CS 02','18','30','Salle CS 02','c');
Insert into SALLE (CLASSROOMID,BLOC,CAPACITY,LABEL,POLE) values ('CS 01','18','30','Salle CS 01','c');
Insert into SALLE (CLASSROOMID,BLOC,CAPACITY,LABEL,POLE) values ('CS 05','18','30','Salle CS 05','c');
Insert into SALLE (CLASSROOMID,BLOC,CAPACITY,LABEL,POLE) values ('CS 04','18','30','Salle CS 04','c');
Insert into SALLE (CLASSROOMID,BLOC,CAPACITY,LABEL,POLE) values ('CS labo','18','30','Salle CS labo','c');
Insert into SALLE (CLASSROOMID,BLOC,CAPACITY,LABEL,POLE) values ('2-04','26','30','Salle 2-04','c');
Insert into SALLE (CLASSROOMID,BLOC,CAPACITY,LABEL,POLE) values ('2-03','26','30','Salle 2-03','c');
Insert into SALLE (CLASSROOMID,BLOC,CAPACITY,LABEL,POLE) values ('2-02','26','30','Salle 2-02','c');
Insert into SALLE (CLASSROOMID,BLOC,CAPACITY,LABEL,POLE) values ('2-01','26','30','Salle 2-01','c');
Insert into SALLE (CLASSROOMID,BLOC,CAPACITY,LABEL,POLE) values ('1-03','26','30','Salle 1-03','c');
Insert into SALLE (CLASSROOMID,BLOC,CAPACITY,LABEL,POLE) values ('1-02','26','30','Salle 1-02','c');
Insert into SALLE (CLASSROOMID,BLOC,CAPACITY,LABEL,POLE) values ('CS 16','18','30','Salle CS 16','c');
Insert into SALLE (CLASSROOMID,BLOC,CAPACITY,LABEL,POLE) values ('CS 18','18','30','Salle CS 18','c');
Insert into SALLE (CLASSROOMID,BLOC,CAPACITY,LABEL,POLE) values ('CS 17','18','30','Salle CS 17','c');
Insert into SALLE (CLASSROOMID,BLOC,CAPACITY,LABEL,POLE) values ('CS 12','18','30','Salle CS 12','c');
Insert into SALLE (CLASSROOMID,BLOC,CAPACITY,LABEL,POLE) values ('CS 14','18','30','Salle CS 14','c');
Insert into SALLE (CLASSROOMID,BLOC,CAPACITY,LABEL,POLE) values ('CS 13','18','30','Salle CS 13','c');
Insert into SALLE (CLASSROOMID,BLOC,CAPACITY,LABEL,POLE) values ('2-06','26','30','Salle 2-06','c');
Insert into SALLE (CLASSROOMID,BLOC,CAPACITY,LABEL,POLE) values ('2-05','26','30','Salle 2-05','c');
Insert into SALLE (CLASSROOMID,BLOC,CAPACITY,LABEL,POLE) values ('1-01','26','30','Salle 101','c');
Insert into SALLE (CLASSROOMID,BLOC,CAPACITY,LABEL,POLE) values ('201','26','30','Salle 201','c');
Insert into SALLE (CLASSROOMID,BLOC,CAPACITY,LABEL,POLE) values ('2-08','26','30','Salle 2-08','c');
Insert into SALLE (CLASSROOMID,BLOC,CAPACITY,LABEL,POLE) values ('2-07','26','30','Salle 2-07','c');
Insert into SALLE (CLASSROOMID,BLOC,CAPACITY,LABEL,POLE) values ('2-09','26','30','Salle 2-09','c');
Insert into SALLE (CLASSROOMID,BLOC,CAPACITY,LABEL,POLE) values ('CS 19','18','30','Salle CS 19','c');
Insert into SALLE (CLASSROOMID,BLOC,CAPACITY,LABEL,POLE) values ('2-10','26','30','Salle 2-10','c');
Insert into SALLE (CLASSROOMID,BLOC,CAPACITY,LABEL,POLE) values ('2-11','26','30','Salle 2-11','c');
Insert into SALLE (CLASSROOMID,BLOC,CAPACITY,LABEL,POLE) values ('2-12','26','30','Salle 2-12','c');
Insert into SALLE (CLASSROOMID,BLOC,CAPACITY,LABEL,POLE) values ('2-13','26','30','Salle 2-13','c');
Insert into SALLE (CLASSROOMID,BLOC,CAPACITY,LABEL,POLE) values ('2-14','26','30','Salle 2-14','c');
Insert into SALLE (CLASSROOMID,BLOC,CAPACITY,LABEL,POLE) values ('1-13','26','30','Salle 1-13','c');
Insert into SALLE (CLASSROOMID,BLOC,CAPACITY,LABEL,POLE) values ('1-12','26','30','Salle 1-12','c');
Insert into SALLE (CLASSROOMID,BLOC,CAPACITY,LABEL,POLE) values ('1-11','26','30','Salle 1-11','c');
Insert into SALLE (CLASSROOMID,BLOC,CAPACITY,LABEL,POLE) values ('CS 15','18','30','Salle CS 15','c');
Insert into SALLE (CLASSROOMID,BLOC,CAPACITY,LABEL,POLE) values ('A13','A','35','S-13','g');
Insert into SALLE (CLASSROOMID,BLOC,CAPACITY,LABEL,POLE) values ('A14','A','35','S-14','g');
Insert into SALLE (CLASSROOMID,BLOC,CAPACITY,LABEL,POLE) values ('A15','A','35','S-15','g');
Insert into SALLE (CLASSROOMID,BLOC,CAPACITY,LABEL,POLE) values ('H309','H','30','Salle H309','g');
Insert into SALLE (CLASSROOMID,BLOC,CAPACITY,LABEL,POLE) values ('H210','H','30','Salle H210','g');
Insert into SALLE (CLASSROOMID,BLOC,CAPACITY,LABEL,POLE) values ('H211','H','30','Salle H211','g');
Insert into SALLE (CLASSROOMID,BLOC,CAPACITY,LABEL,POLE) values ('H305','H','30','Salle H305','g');
Insert into SALLE (CLASSROOMID,BLOC,CAPACITY,LABEL,POLE) values ('C03','C','30','Salle C03','g');
Insert into SALLE (CLASSROOMID,BLOC,CAPACITY,LABEL,POLE) values ('H306','H','30','Salle H306','g');
Insert into SALLE (CLASSROOMID,BLOC,CAPACITY,LABEL,POLE) values ('C04','C','30','Salle C04','g');
Insert into SALLE (CLASSROOMID,BLOC,CAPACITY,LABEL,POLE) values ('H302','H','30','Salle H302','g');
Insert into SALLE (CLASSROOMID,BLOC,CAPACITY,LABEL,POLE) values ('H301','H','30','Salle H301','g');
Insert into SALLE (CLASSROOMID,BLOC,CAPACITY,LABEL,POLE) values ('H304','H','30','Salle H304','g');
Insert into SALLE (CLASSROOMID,BLOC,CAPACITY,LABEL,POLE) values ('H303','H','30','Salle H303','g');
Insert into SALLE (CLASSROOMID,BLOC,CAPACITY,LABEL,POLE) values ('A27','A','35','Salle A27','g');
Insert into SALLE (CLASSROOMID,BLOC,CAPACITY,LABEL,POLE) values ('A26','A','35','Salle A26','g');
Insert into SALLE (CLASSROOMID,BLOC,CAPACITY,LABEL,POLE) values ('A25','A','35','Salle A25','g');
Insert into SALLE (CLASSROOMID,BLOC,CAPACITY,LABEL,POLE) values ('A24','A','35','Salle A24','g');
Insert into SALLE (CLASSROOMID,BLOC,CAPACITY,LABEL,POLE) values ('A23','A','35','Salle A23','g');
Insert into SALLE (CLASSROOMID,BLOC,CAPACITY,LABEL,POLE) values ('A22','A','35','Salle A22','g');
Insert into SALLE (CLASSROOMID,BLOC,CAPACITY,LABEL,POLE) values ('D19','D','30','Salle D19','g');
Insert into SALLE (CLASSROOMID,BLOC,CAPACITY,LABEL,POLE) values ('A42','A','35','Salle A42','g');
Insert into SALLE (CLASSROOMID,BLOC,CAPACITY,LABEL,POLE) values ('D16','D','30','Salle D16','g');
Insert into SALLE (CLASSROOMID,BLOC,CAPACITY,LABEL,POLE) values ('D15','D','30','Salle D15','g');
Insert into SALLE (CLASSROOMID,BLOC,CAPACITY,LABEL,POLE) values ('D18','D','30','Salle D18','g');
Insert into SALLE (CLASSROOMID,BLOC,CAPACITY,LABEL,POLE) values ('D17','D','30','Salle D17','g');
Insert into SALLE (CLASSROOMID,BLOC,CAPACITY,LABEL,POLE) values ('D12','D','30','Salle D12','g');
Insert into SALLE (CLASSROOMID,BLOC,CAPACITY,LABEL,POLE) values ('D11','D','30','Salle D11','g');
Insert into SALLE (CLASSROOMID,BLOC,CAPACITY,LABEL,POLE) values ('D14','D','30','Salle D14','g');
Insert into SALLE (CLASSROOMID,BLOC,CAPACITY,LABEL,POLE) values ('D13','D','30','Salle D13','g');
Insert into SALLE (CLASSROOMID,BLOC,CAPACITY,LABEL,POLE) values ('A37','A','35','Salle A37','g');
Insert into SALLE (CLASSROOMID,BLOC,CAPACITY,LABEL,POLE) values ('A36','A','35','Salle A36','g');
Insert into SALLE (CLASSROOMID,BLOC,CAPACITY,LABEL,POLE) values ('A33','A','35','Salle A33','g');
Insert into SALLE (CLASSROOMID,BLOC,CAPACITY,LABEL,POLE) values ('A32','A','35','Salle A32','g');
Insert into SALLE (CLASSROOMID,BLOC,CAPACITY,LABEL,POLE) values ('A35','A','35','Salle A35','g');
Insert into SALLE (CLASSROOMID,BLOC,CAPACITY,LABEL,POLE) values ('A34','A','35','Salle A34','g');
Insert into SALLE (CLASSROOMID,BLOC,CAPACITY,LABEL,POLE) values ('A45','A','35','Salle A45','g');
Insert into SALLE (CLASSROOMID,BLOC,CAPACITY,LABEL,POLE) values ('A46','A','35','Salle A46','g');
Insert into SALLE (CLASSROOMID,BLOC,CAPACITY,LABEL,POLE) values ('A43','A','35','Salle A43','g');
Insert into SALLE (CLASSROOMID,BLOC,CAPACITY,LABEL,POLE) values ('A44','A','35','Salle A44','g');
Insert into SALLE (CLASSROOMID,BLOC,CAPACITY,LABEL,POLE) values ('A47','A','35','Salle A47','g');
Insert into SALLE (CLASSROOMID,BLOC,CAPACITY,LABEL,POLE) values ('A05','A','35','Salle A05','g');
Insert into SALLE (CLASSROOMID,BLOC,CAPACITY,LABEL,POLE) values ('H204','H','30','Salle H204','g');
Insert into SALLE (CLASSROOMID,BLOC,CAPACITY,LABEL,POLE) values ('H205','H','30','Salle H205','g');
Insert into SALLE (CLASSROOMID,BLOC,CAPACITY,LABEL,POLE) values ('H202','H','30','Salle H202','g');
Insert into SALLE (CLASSROOMID,BLOC,CAPACITY,LABEL,POLE) values ('H203','H','30','Salle H203','g');
Insert into SALLE (CLASSROOMID,BLOC,CAPACITY,LABEL,POLE) values ('H201','H','30','Salle H201','g');
Insert into SALLE (CLASSROOMID,BLOC,CAPACITY,LABEL,POLE) values ('C34','C','30','Salle C34','g');
Insert into SALLE (CLASSROOMID,BLOC,CAPACITY,LABEL,POLE) values ('C35','C','30','Salle C35','g');
Insert into SALLE (CLASSROOMID,BLOC,CAPACITY,LABEL,POLE) values ('C36','C','30','Salle C36','g');
Insert into SALLE (CLASSROOMID,BLOC,CAPACITY,LABEL,POLE) values ('C31','C','30','Salle C31','g');
Insert into SALLE (CLASSROOMID,BLOC,CAPACITY,LABEL,POLE) values ('C32','C','30','Salle C32','g');
Insert into SALLE (CLASSROOMID,BLOC,CAPACITY,LABEL,POLE) values ('C33','C','30','Salle C33','g');
Insert into SALLE (CLASSROOMID,BLOC,CAPACITY,LABEL,POLE) values ('H311','H','30','Salle H311','g');
Insert into SALLE (CLASSROOMID,BLOC,CAPACITY,LABEL,POLE) values ('H310','H','30','Salle H310','g');
Insert into SALLE (CLASSROOMID,BLOC,CAPACITY,LABEL,POLE) values ('H405','H','30','Salle H405','g');
Insert into SALLE (CLASSROOMID,BLOC,CAPACITY,LABEL,POLE) values ('H007','H','30','Salle H007','g');
Insert into SALLE (CLASSROOMID,BLOC,CAPACITY,LABEL,POLE) values ('H006','H','30','Salle H006','g');
Insert into SALLE (CLASSROOMID,BLOC,CAPACITY,LABEL,POLE) values ('H005','H','30','Salle H005','g');
Insert into SALLE (CLASSROOMID,BLOC,CAPACITY,LABEL,POLE) values ('H004','H','30','Salle H004','g');
Insert into SALLE (CLASSROOMID,BLOC,CAPACITY,LABEL,POLE) values ('H209','H','30','Salle H209','g');
Insert into SALLE (CLASSROOMID,BLOC,CAPACITY,LABEL,POLE) values ('H003','H','30','Salle H003','g');
Insert into SALLE (CLASSROOMID,BLOC,CAPACITY,LABEL,POLE) values ('H208','H','30','Salle H208','g');
Insert into SALLE (CLASSROOMID,BLOC,CAPACITY,LABEL,POLE) values ('H002','H','30','Salle H002','g');
Insert into SALLE (CLASSROOMID,BLOC,CAPACITY,LABEL,POLE) values ('A17','A','35','Salle A17','g');
Insert into SALLE (CLASSROOMID,BLOC,CAPACITY,LABEL,POLE) values ('H206','H','30','Salle H206','g');
Insert into SALLE (CLASSROOMID,BLOC,CAPACITY,LABEL,POLE) values ('A16','A','35','Salle A16','g');
Insert into SALLE (CLASSROOMID,BLOC,CAPACITY,LABEL,POLE) values ('A02','A','35','salle A02','g');
Insert into SALLE (CLASSROOMID,BLOC,CAPACITY,LABEL,POLE) values ('H307','H','30','Salle H307','g');
Insert into SALLE (CLASSROOMID,BLOC,CAPACITY,LABEL,POLE) values ('H401','H','30','Salle H401','g');
Insert into SALLE (CLASSROOMID,BLOC,CAPACITY,LABEL,POLE) values ('H402','H','30','Salle H402','g');
Insert into SALLE (CLASSROOMID,BLOC,CAPACITY,LABEL,POLE) values ('H403','H','30','sALLE h403','g');
Insert into SALLE (CLASSROOMID,BLOC,CAPACITY,LABEL,POLE) values ('H404','H','30','salle H404','g');
Insert into SALLE (CLASSROOMID,BLOC,CAPACITY,LABEL,POLE) values ('H406','H','30','Salle H406','g');
Insert into SALLE (CLASSROOMID,BLOC,CAPACITY,LABEL,POLE) values ('H407','H','30','Salle H407','g');
Insert into SALLE (CLASSROOMID,BLOC,CAPACITY,LABEL,POLE) values ('H408','H','30','Salle H408','g');
Insert into SALLE (CLASSROOMID,BLOC,CAPACITY,LABEL,POLE) values ('H409','H','30','Salle H409','g');
Insert into SALLE (CLASSROOMID,BLOC,CAPACITY,LABEL,POLE) values ('H410','H','30','salle H410','g');
Insert into SALLE (CLASSROOMID,BLOC,CAPACITY,LABEL,POLE) values ('H411','H','30','salle H411','g');
Insert into SALLE (CLASSROOMID,BLOC,CAPACITY,LABEL,POLE) values ('H412','H','30','salle H412','g');
Insert into SALLE (CLASSROOMID,BLOC,CAPACITY,LABEL,POLE) values ('H308','H','30','H-308','g');
Insert into SALLE (CLASSROOMID,BLOC,CAPACITY,LABEL,POLE) values ('CS 21','18','30','CS 21','c');
Insert into SALLE (CLASSROOMID,BLOC,CAPACITY,LABEL,POLE) values ('CS 20','18','30','CS 20','c');
Insert into SALLE (CLASSROOMID,BLOC,CAPACITY,LABEL,POLE) values ('1-14','26','30','1-14','c');
Insert into SALLE (CLASSROOMID,BLOC,CAPACITY,LABEL,POLE) values ('E001','E','35','E-01','g');
Insert into SALLE (CLASSROOMID,BLOC,CAPACITY,LABEL,POLE) values ('Amphi C','C','50','amphi bloc c','g');
Insert into SALLE (CLASSROOMID,BLOC,CAPACITY,LABEL,POLE) values ('CS 29','18','30','CS 29','c');
Insert into SALLE (CLASSROOMID,BLOC,CAPACITY,LABEL,POLE) values ('CS 25','18','30','CS 25','c');
Insert into SALLE (CLASSROOMID,BLOC,CAPACITY,LABEL,POLE) values ('CS 26','18','30','CS 26','c');
Insert into SALLE (CLASSROOMID,BLOC,CAPACITY,LABEL,POLE) values ('CS 27','18','30','CS 27','c');
Insert into SALLE (CLASSROOMID,BLOC,CAPACITY,LABEL,POLE) values ('CS 28','18','30','CS 28','c');
Insert into SALLE (CLASSROOMID,BLOC,CAPACITY,LABEL,POLE) values ('G1-1','G','30','G1-1','g');
Insert into SALLE (CLASSROOMID,BLOC,CAPACITY,LABEL,POLE) values ('G1-2','G','30','G1-1','g');
Insert into SALLE (CLASSROOMID,BLOC,CAPACITY,LABEL,POLE) values ('G1-4','G','30','G','g');
Insert into SALLE (CLASSROOMID,BLOC,CAPACITY,LABEL,POLE) values ('G1-5','G','30','G','g');
Insert into SALLE (CLASSROOMID,BLOC,CAPACITY,LABEL,POLE) values ('G1-6','G','30','G','g');
Insert into SALLE (CLASSROOMID,BLOC,CAPACITY,LABEL,POLE) values ('G1-7','G','30','G','g');
Insert into SALLE (CLASSROOMID,BLOC,CAPACITY,LABEL,POLE) values ('G1-8','G','30','G','g');
Insert into SALLE (CLASSROOMID,BLOC,CAPACITY,LABEL,POLE) values ('G1-9','G','30','G','g');
Insert into SALLE (CLASSROOMID,BLOC,CAPACITY,LABEL,POLE) values ('G1-10','G','30','G','g');
Insert into SALLE (CLASSROOMID,BLOC,CAPACITY,LABEL,POLE) values ('G1-11','G','30','G','g');
Insert into SALLE (CLASSROOMID,BLOC,CAPACITY,LABEL,POLE) values ('G1-12','G','30','G','g');
Insert into SALLE (CLASSROOMID,BLOC,CAPACITY,LABEL,POLE) values ('G1-13','G','30','G','g');
Insert into SALLE (CLASSROOMID,BLOC,CAPACITY,LABEL,POLE) values ('G1-14','G','30','G','g');
Insert into SALLE (CLASSROOMID,BLOC,CAPACITY,LABEL,POLE) values ('G1-3','G','30','G','g');
Insert into SALLE (CLASSROOMID,BLOC,CAPACITY,LABEL,POLE) values ('C11','C','30','C','g');
Insert into SALLE (CLASSROOMID,BLOC,CAPACITY,LABEL,POLE) values ('C12','C','30','C','g');
Insert into SALLE (CLASSROOMID,BLOC,CAPACITY,LABEL,POLE) values ('C13','C','30','C','g');
Insert into SALLE (CLASSROOMID,BLOC,CAPACITY,LABEL,POLE) values ('C14','C','30','C','g');
Insert into SALLE (CLASSROOMID,BLOC,CAPACITY,LABEL,POLE) values ('C15','C','30','C','g');
Insert into SALLE (CLASSROOMID,BLOC,CAPACITY,LABEL,POLE) values ('C16','C','30','C','g');
Insert into SALLE (CLASSROOMID,BLOC,CAPACITY,LABEL,POLE) values ('C21','C','30','C','g');
Insert into SALLE (CLASSROOMID,BLOC,CAPACITY,LABEL,POLE) values ('C22','C','30','C','g');
Insert into SALLE (CLASSROOMID,BLOC,CAPACITY,LABEL,POLE) values ('C23','C','30','C','g');
Insert into SALLE (CLASSROOMID,BLOC,CAPACITY,LABEL,POLE) values ('C24','C','30','C','g');
Insert into SALLE (CLASSROOMID,BLOC,CAPACITY,LABEL,POLE) values ('C25','C','30','C','g');
Insert into SALLE (CLASSROOMID,BLOC,CAPACITY,LABEL,POLE) values ('C26','C','30','C','g');
Insert into SALLE (CLASSROOMID,BLOC,CAPACITY,LABEL,POLE) values ('1-06','26','30','1-06','c');
Insert into SALLE (CLASSROOMID,BLOC,CAPACITY,LABEL,POLE) values ('amphi','A','50','amphi','g');
Insert into SALLE (CLASSROOMID,BLOC,CAPACITY,LABEL,POLE) values ('E-03','E','35','E-03','g');
Insert into SALLE (CLASSROOMID,BLOC,CAPACITY,LABEL,POLE) values ('1-05','26','30','1-05','c');
Insert into SALLE (CLASSROOMID,BLOC,CAPACITY,LABEL,POLE) values ('1-09','26','30','1-09','c');
Insert into SALLE (CLASSROOMID,BLOC,CAPACITY,LABEL,POLE) values ('1-10','26','30','1-10','c');
Insert into SALLE (CLASSROOMID,BLOC,CAPACITY,LABEL,POLE) values ('E310','E','35','Salle E310','g');
Insert into SALLE (CLASSROOMID,BLOC,CAPACITY,LABEL,POLE) values ('E311','E','35','Salle E311','g');
Insert into SALLE (CLASSROOMID,BLOC,CAPACITY,LABEL,POLE) values ('E312','E','35','Salle E312','g');
Insert into SALLE (CLASSROOMID,BLOC,CAPACITY,LABEL,POLE) values ('E313','E','35','Salle E313','g');
Insert into SALLE (CLASSROOMID,BLOC,CAPACITY,LABEL,POLE) values ('E301','E','35','Salle E301','g');
Insert into SALLE (CLASSROOMID,BLOC,CAPACITY,LABEL,POLE) values ('H413','H','30','Salle H413','g');
Insert into SALLE (CLASSROOMID,BLOC,CAPACITY,LABEL,POLE) values ('E302','E','35','Salle E302','g');
Insert into SALLE (CLASSROOMID,BLOC,CAPACITY,LABEL,POLE) values ('E303','E','35','Salle E303','g');
Insert into SALLE (CLASSROOMID,BLOC,CAPACITY,LABEL,POLE) values ('E304','E','35','Salle E304','g');
Insert into SALLE (CLASSROOMID,BLOC,CAPACITY,LABEL,POLE) values ('E305','E','35','Salle E305','g');
Insert into SALLE (CLASSROOMID,BLOC,CAPACITY,LABEL,POLE) values ('E306','E','35','Salle E306','g');
Insert into SALLE (CLASSROOMID,BLOC,CAPACITY,LABEL,POLE) values ('E307','E','35','Salle E307','g');
Insert into SALLE (CLASSROOMID,BLOC,CAPACITY,LABEL,POLE) values ('E308','E','35','Salle E308','g');
Insert into SALLE (CLASSROOMID,BLOC,CAPACITY,LABEL,POLE) values ('E309','E','35','Salle E309','g');
Insert into SALLE (CLASSROOMID,BLOC,CAPACITY,LABEL,POLE) values ('G103','G','30','Salle G103','g');
Insert into SALLE (CLASSROOMID,BLOC,CAPACITY,LABEL,POLE) values ('G105','G','30','Salle G105','g');
Insert into SALLE (CLASSROOMID,BLOC,CAPACITY,LABEL,POLE) values ('E003','E','35','Salle E003','g');
Insert into SALLE (CLASSROOMID,BLOC,CAPACITY,LABEL,POLE) values ('G104','G','30','Salle G104','g');
Insert into SALLE (CLASSROOMID,BLOC,CAPACITY,LABEL,POLE) values ('E314','E','35','Salle E314','g');
Insert into SALLE (CLASSROOMID,BLOC,CAPACITY,LABEL,POLE) values ('G107','G','30','Salle G107','g');
Insert into SALLE (CLASSROOMID,BLOC,CAPACITY,LABEL,POLE) values ('G106','G','30','Salle G106','g');
Insert into SALLE (CLASSROOMID,BLOC,CAPACITY,LABEL,POLE) values ('E205','E','35','Salle E205','g');
Insert into SALLE (CLASSROOMID,BLOC,CAPACITY,LABEL,POLE) values ('E206','E','35','Salle E206','g');
Insert into SALLE (CLASSROOMID,BLOC,CAPACITY,LABEL,POLE) values ('1-04','26','30','1-04','c');
Insert into SALLE (CLASSROOMID,BLOC,CAPACITY,LABEL,POLE) values ('E401','E','35','Salle E401','g');
Insert into SALLE (CLASSROOMID,BLOC,CAPACITY,LABEL,POLE) values ('E402','E','35','Salle E402','g');
Insert into SALLE (CLASSROOMID,BLOC,CAPACITY,LABEL,POLE) values ('E403','E','35','Salle E403','g');
Insert into SALLE (CLASSROOMID,BLOC,CAPACITY,LABEL,POLE) values ('E404','E','35','Salle E404','g');
Insert into SALLE (CLASSROOMID,BLOC,CAPACITY,LABEL,POLE) values ('E405','E','35','Salle E405','g');
Insert into SALLE (CLASSROOMID,BLOC,CAPACITY,LABEL,POLE) values ('E407','E','35','E407','g');
Insert into SALLE (CLASSROOMID,BLOC,CAPACITY,LABEL,POLE) values ('E406','E','35','E406','g');
Insert into SALLE (CLASSROOMID,BLOC,CAPACITY,LABEL,POLE) values ('E408','E','35','E408','g');
Insert into SALLE (CLASSROOMID,BLOC,CAPACITY,LABEL,POLE) values ('E409','E','35','E409','g');

Insert into ESP_ENSEIGNANT (TEACHERID,EMAIL,FULLNAME,PHONE,TYPE,UP,FK_DEPARTMENENT) values ('V-840-13','abdelkader.ziedia@esprit.tn','Abdelkader ZIEDIA',null,'P','UP-MEC','05');
Insert into ESP_ENSEIGNANT (TEACHERID,EMAIL,FULLNAME,PHONE,TYPE,UP,FK_DEPARTMENENT) values ('P-1044-14','yosr.ghozzi@esprit.tn','Yosr GHOZI','99962533','P','UP-MEC','05');
Insert into ESP_ENSEIGNANT (TEACHERID,EMAIL,FULLNAME,PHONE,TYPE,UP,FK_DEPARTMENENT) values ('P-924-14','yosra.messaoudi@esprit.tn','Yosra MESSAOUDI','99436219','P','UP-MEC','05');
Insert into ESP_ENSEIGNANT (TEACHERID,EMAIL,FULLNAME,PHONE,TYPE,UP,FK_DEPARTMENENT) values ('P-536-12','houda.abidi@esprit.tn','Houda LAABIDI','98305281','P','UP-2E','05');
Insert into ESP_ENSEIGNANT (TEACHERID,EMAIL,FULLNAME,PHONE,TYPE,UP,FK_DEPARTMENENT) values ('V-821-13','manel.sebai@esprit.tn','Manel SEBAI','93226486','P','UP-2E','05');
Insert into ESP_ENSEIGNANT (TEACHERID,EMAIL,FULLNAME,PHONE,TYPE,UP,FK_DEPARTMENENT) values ('P-305-11','medaziz.benachour@esprit.tn','Mohamed Aziz BEN ACHOUR','98 708 975','P','UP-2E','05');
Insert into ESP_ENSEIGNANT (TEACHERID,EMAIL,FULLNAME,PHONE,TYPE,UP,FK_DEPARTMENENT) values ('V-1341-16','hafedh.benabdelghani@gmail.com','Hafedh BEN ABDELGHANI','52869156','P','UP-2E','05');
Insert into ESP_ENSEIGNANT (TEACHERID,EMAIL,FULLNAME,PHONE,TYPE,UP,FK_DEPARTMENENT) values ('P-1502-17','adel.brik@esprit.tn','Adel BRIK','97159023','P','UP-PI','05');
Insert into ESP_ENSEIGNANT (TEACHERID,EMAIL,FULLNAME,PHONE,TYPE,UP,FK_DEPARTMENENT) values ('P-1501-17','nejla.kerfai@esprit.tn','Nejla KERFAI','50733631','P','UP-PI','05');
Insert into ESP_ENSEIGNANT (TEACHERID,EMAIL,FULLNAME,PHONE,TYPE,UP,FK_DEPARTMENENT) values ('V-766-13','mohamedamine.cheriaa@esprit.tn','Amine Cheriaa AMINE CHERIAA','99934108','P','UP-PI','05');
Insert into ESP_ENSEIGNANT (TEACHERID,EMAIL,FULLNAME,PHONE,TYPE,UP,FK_DEPARTMENENT) values ('P-927-14','neila.elasli@esprit.tn','Neila ELASLI','27431666','P','UP-PI','05');
Insert into ESP_ENSEIGNANT (TEACHERID,EMAIL,FULLNAME,PHONE,TYPE,UP,FK_DEPARTMENENT) values ('S-1430-16','safa.lasmar@esprit.tn','Safa LASMAR','52260792','P','UP-PI','05');
Insert into ESP_ENSEIGNANT (TEACHERID,EMAIL,FULLNAME,PHONE,TYPE,UP,FK_DEPARTMENENT) values ('P-1267-15','nacef.sifi@esprit.tn','Nacef SIFI','99529361','P','UP-PI','05');
Insert into ESP_ENSEIGNANT (TEACHERID,EMAIL,FULLNAME,PHONE,TYPE,UP,FK_DEPARTMENENT) values ('P-1498-17','manel.benabdelhamid@esprit.tn','Manel BEN ABDELHAMID','94391183','P','UP-AS','05');
Insert into ESP_ENSEIGNANT (TEACHERID,EMAIL,FULLNAME,PHONE,TYPE,UP,FK_DEPARTMENENT) values ('V-370-11','rachidnasri2003@yahoo.fr','Rachid NASRI',null,'V',null,'05');
Insert into ESP_ENSEIGNANT (TEACHERID,EMAIL,FULLNAME,PHONE,TYPE,UP,FK_DEPARTMENENT) values ('V-643-12','med_anouar_eloued@yahoo.fr','Anouar EL OUED',null,'V',null,'05');
Insert into ESP_ENSEIGNANT (TEACHERID,EMAIL,FULLNAME,PHONE,TYPE,UP,FK_DEPARTMENENT) values ('V-179-10','faouzi.maamar@esprit.tn','Faouzi MAAMAR','98 709 818','V','UP-AS','05');
Insert into ESP_ENSEIGNANT (TEACHERID,EMAIL,FULLNAME,PHONE,TYPE,UP,FK_DEPARTMENENT) values ('P-157-10','slaimijamel@gmail.com','Jamel SLAIMI',null,'V','UP-2E','05');
Insert into ESP_ENSEIGNANT (TEACHERID,EMAIL,FULLNAME,PHONE,TYPE,UP,FK_DEPARTMENENT) values ('S-1407-16','safa.mhadhbi@esprit.tn','Safa MHADHBI','97700144','P','UP-GC','06');
Insert into ESP_ENSEIGNANT (TEACHERID,EMAIL,FULLNAME,PHONE,TYPE,UP,FK_DEPARTMENENT) values ('S-1354-16','yosra.melliti@esprit.tn','Yosra MELLITI','50678312','P','UP-GC','06');
Insert into ESP_ENSEIGNANT (TEACHERID,EMAIL,FULLNAME,PHONE,TYPE,UP,FK_DEPARTMENENT) values ('P-878-13','mohamed.kort@esprit.tn','Mohamed KORT','98709592','P','UP-GC','06');
Insert into ESP_ENSEIGNANT (TEACHERID,EMAIL,FULLNAME,PHONE,TYPE,UP,FK_DEPARTMENENT) values ('P-985-14','saba.fradi@esprit.tn','Saba FRADI','24487124','P','UP-GC','06');
Insert into ESP_ENSEIGNANT (TEACHERID,EMAIL,FULLNAME,PHONE,TYPE,UP,FK_DEPARTMENENT) values ('V-375-11','majdi.gharbi@esprit.tn','Majdi GHARBI','98 708 983','P','UP-GC','06');
Insert into ESP_ENSEIGNANT (TEACHERID,EMAIL,FULLNAME,PHONE,TYPE,UP,FK_DEPARTMENENT) values ('S-951-14','mariem.zoghlemi@esprit.tn','Mariem ZOGHLAMI','22017874','P','UP-GC','06');
Insert into ESP_ENSEIGNANT (TEACHERID,EMAIL,FULLNAME,PHONE,TYPE,UP,FK_DEPARTMENENT) values ('V-1367-16','Taoufik.Moulahi@enim.rnu.tn','MOULAHI Taoufik',null,'P','UP_MATH','02');
Insert into ESP_ENSEIGNANT (TEACHERID,EMAIL,FULLNAME,PHONE,TYPE,UP,FK_DEPARTMENENT) values ('V-1442-16','adebbech@yahoo.fr','Aroua DEBBECH','97410215','V','UP_MATH','02');
Insert into ESP_ENSEIGNANT (TEACHERID,EMAIL,FULLNAME,PHONE,TYPE,UP,FK_DEPARTMENENT) values ('V-1519-17','mondher.saadaoui@gmail.com','Mondher SAADAOUI','95089059','P','UP_MATH','02');
Insert into ESP_ENSEIGNANT (TEACHERID,EMAIL,FULLNAME,PHONE,TYPE,UP,FK_DEPARTMENENT) values ('V-414-11','ahmed.dhouibi@yahoo.fr','Ahmed DHOUIBI',null,'P','UP_MATH','02');
Insert into ESP_ENSEIGNANT (TEACHERID,EMAIL,FULLNAME,PHONE,TYPE,UP,FK_DEPARTMENENT) values ('V-1227-15','mohamedanis.benlasmar@esprit.tn','Anis BEN LASMAR','97168538','P','UP_MATH','02');
Insert into ESP_ENSEIGNANT (TEACHERID,EMAIL,FULLNAME,PHONE,TYPE,UP,FK_DEPARTMENENT) values ('V-988-14','mrabet_slim@yahoo.fr','Slim MRABET',null,'V','UP_MATH','02');
Insert into ESP_ENSEIGNANT (TEACHERID,EMAIL,FULLNAME,PHONE,TYPE,UP,FK_DEPARTMENENT) values ('P-1264-15','halim.kacem@esprit.tn','Halim KACEM','93947134','P','UP_ALGO','02');
Insert into ESP_ENSEIGNANT (TEACHERID,EMAIL,FULLNAME,PHONE,TYPE,UP,FK_DEPARTMENENT) values ('P-28-07','zied.alaya@esprit.tn','Zied ALAYA','98709668','P','UP_ALGO','02');
Insert into ESP_ENSEIGNANT (TEACHERID,EMAIL,FULLNAME,PHONE,TYPE,UP,FK_DEPARTMENENT) values ('V-1562-17','ilhem.sboui@gmail.com','Ilhem SBOUI','54016922','V','UP_ALGO','02');
Insert into ESP_ENSEIGNANT (TEACHERID,EMAIL,FULLNAME,PHONE,TYPE,UP,FK_DEPARTMENENT) values ('V-1561-17','soumaya.argoubi@esprit.tn','Soumaya ARGOUBI','97563408','P','UP_ALGO','02');
Insert into ESP_ENSEIGNANT (TEACHERID,EMAIL,FULLNAME,PHONE,TYPE,UP,FK_DEPARTMENENT) values ('S-1410-16','ines.benhalima@esprit.tn','Ines BEN HALIMA','40129020','P','UP_ALGO','02');
Insert into ESP_ENSEIGNANT (TEACHERID,EMAIL,FULLNAME,PHONE,TYPE,UP,FK_DEPARTMENENT) values ('P-1298-16','amina.aoun@esprit.tn','Amina AOUN','54939135','P','UP_JEE_DOTNET','03');
Insert into ESP_ENSEIGNANT (TEACHERID,EMAIL,FULLNAME,PHONE,TYPE,UP,FK_DEPARTMENENT) values ('S-1429-16','salma.landoulsi@esprit.tn','Salma LANDOULSI','92187800','P','UP_JEE_DOTNET','03');
Insert into ESP_ENSEIGNANT (TEACHERID,EMAIL,FULLNAME,PHONE,TYPE,UP,FK_DEPARTMENENT) values ('P-22-08','medali.bettaieb@esprit.tn','Mohamed Ali BETTAIEB','98 709 639','P','UP_JEE_DOTNET','03');
Insert into ESP_ENSEIGNANT (TEACHERID,EMAIL,FULLNAME,PHONE,TYPE,UP,FK_DEPARTMENENT) values ('P-667-13','alaeddine.moussa@esprit.tn','Aleddine MOUSSA','99661223','P','UP_JEE_DOTNET','03');
Insert into ESP_ENSEIGNANT (TEACHERID,EMAIL,FULLNAME,PHONE,TYPE,UP,FK_DEPARTMENENT) values ('P-1328-16','chaima.bensaid@esprit.tn','Chaima BEN SAID','93368017','P','UP_JEE_DOTNET','03');
Insert into ESP_ENSEIGNANT (TEACHERID,EMAIL,FULLNAME,PHONE,TYPE,UP,FK_DEPARTMENENT) values ('P-504-12','takoua.abdellatif@esprit.tn','Takoua ABDELLATIF','93505134','P','UP_JEE_DOTNET','03');
Insert into ESP_ENSEIGNANT (TEACHERID,EMAIL,FULLNAME,PHONE,TYPE,UP,FK_DEPARTMENENT) values ('V-1300-16','najjar.asma@yahoo.fr','Asma NAJJAR',null,'V','UP_JAVA','03');
Insert into ESP_ENSEIGNANT (TEACHERID,EMAIL,FULLNAME,PHONE,TYPE,UP,FK_DEPARTMENENT) values ('P-930-14','nader.rahman@esprit.tn','Nader RAHMAN','99103812','P','UP_JAVA','03');
Insert into ESP_ENSEIGNANT (TEACHERID,EMAIL,FULLNAME,PHONE,TYPE,UP,FK_DEPARTMENENT) values ('P-485-12','houssemeddine.lassoued@esprit.tn','Houssemeddine LASSOUED','96582028','P','UP_JAVA','03');
Insert into ESP_ENSEIGNANT (TEACHERID,EMAIL,FULLNAME,PHONE,TYPE,UP,FK_DEPARTMENENT) values ('P-914-14','maissa.boujelben@esprit.tn','Maissa BOUJELBEN','23 150 043','P','UP_TELECOM','04');
Insert into ESP_ENSEIGNANT (TEACHERID,EMAIL,FULLNAME,PHONE,TYPE,UP,FK_DEPARTMENENT) values ('P-145-10','abderrazek.hachani@esprit.tn','Abderrazek HACHANI','98 709 692','P','UP_TELECOM','04');
Insert into ESP_ENSEIGNANT (TEACHERID,EMAIL,FULLNAME,PHONE,TYPE,UP,FK_DEPARTMENENT) values ('V-104-07','walid.douagi@esprit.tn','Walid DOUAGI','98709665','P','UP_TELECOM','04');
Insert into ESP_ENSEIGNANT (TEACHERID,EMAIL,FULLNAME,PHONE,TYPE,UP,FK_DEPARTMENENT) values ('V-1505-17','NOUHA.SAMET@esprit.com','NOUHA SAMET',null,'V','UP_RESEAUX','04');
Insert into ESP_ENSEIGNANT (TEACHERID,EMAIL,FULLNAME,PHONE,TYPE,UP,FK_DEPARTMENENT) values ('V-1233-15','CHABBOUH.Olfa@esprit.com','CHABBOUH Olfa',null,'V','UP_RESEAUX','04');
Insert into ESP_ENSEIGNANT (TEACHERID,EMAIL,FULLNAME,PHONE,TYPE,UP,FK_DEPARTMENENT) values ('P-478-12','ines.boukhris@esprit.tn','Ines BOUKHRIS',null,'P','UP_SYSTEME','04');
Insert into ESP_ENSEIGNANT (TEACHERID,EMAIL,FULLNAME,PHONE,TYPE,UP,FK_DEPARTMENENT) values ('P-987-14','ines.masmoudi@esprit.tn','Ines MASMOUDI','53141170','V','UP_GESTION','01');
Insert into ESP_ENSEIGNANT (TEACHERID,EMAIL,FULLNAME,PHONE,TYPE,UP,FK_DEPARTMENENT) values ('V-1537-17','mouhamedmao@gmail.com','Mohamed Amine EL OUNI','53546189','V','UP_GESTION','01');
Insert into ESP_ENSEIGNANT (TEACHERID,EMAIL,FULLNAME,PHONE,TYPE,UP,FK_DEPARTMENENT) values ('V-1536-17','mouna.zerriaa@gmail.com','Mouna ZERRIAA','22767539','V','UP_GESTION','01');
Insert into ESP_ENSEIGNANT (TEACHERID,EMAIL,FULLNAME,PHONE,TYPE,UP,FK_DEPARTMENENT) values ('V-1337-16','MAROUA.LOUATI@gmail.com','MAROUA LOUATI','1',null,'UP_LANGUE','01');
Insert into ESP_ENSEIGNANT (TEACHERID,EMAIL,FULLNAME,PHONE,TYPE,UP,FK_DEPARTMENENT) values ('V-608-12','SAFA.TOUMI@gmail.com','SAFA TOUMI',null,'V','UP_LANGUE','01');
Insert into ESP_ENSEIGNANT (TEACHERID,EMAIL,FULLNAME,PHONE,TYPE,UP,FK_DEPARTMENENT) values ('V-1332-16','ZAINEB.DERBEL@esprit.com','ZAINEB DERBEL',null,'V','UP_LANGUE','01');
Insert into ESP_ENSEIGNANT (TEACHERID,EMAIL,FULLNAME,PHONE,TYPE,UP,FK_DEPARTMENENT) values ('P-696-13','chaima.khoualdia@esprit.tn','Chaima KHOUALDIA','98709616','P','UP-MEC','05');
Insert into ESP_ENSEIGNANT (TEACHERID,EMAIL,FULLNAME,PHONE,TYPE,UP,FK_DEPARTMENENT) values ('P-1485-16','mehdi.hadjsassi@esprit.tn','Mehdi HAJ SASSI','92569085','P','UP-2E','05');
Insert into ESP_ENSEIGNANT (TEACHERID,EMAIL,FULLNAME,PHONE,TYPE,UP,FK_DEPARTMENENT) values ('P-593-12','mohamedali.bouakline@esprit.tn','Mohamed Ali  BOUAKLINE','96020368','P','UP-2E','05');
Insert into ESP_ENSEIGNANT (TEACHERID,EMAIL,FULLNAME,PHONE,TYPE,UP,FK_DEPARTMENENT) values ('V-1389-16','sarra.ismail@esprit.tn','Sarra ISMAIL','98558177','P','UP-AS','05');
Insert into ESP_ENSEIGNANT (TEACHERID,EMAIL,FULLNAME,PHONE,TYPE,UP,FK_DEPARTMENENT) values ('V-567-12','Bechir.Bechoual@isetr.rnu.tn','Bechir BECHOUAL',null,'V',null,'05');
Insert into ESP_ENSEIGNANT (TEACHERID,EMAIL,FULLNAME,PHONE,TYPE,UP,FK_DEPARTMENENT) values ('V-552-12','ahmed.mrad.gc@gmail.com','Ahmed MRAD',null,'V','UP-GC','06');
Insert into ESP_ENSEIGNANT (TEACHERID,EMAIL,FULLNAME,PHONE,TYPE,UP,FK_DEPARTMENENT) values ('S-1422-16','nadia.ajailia@esprit.tn','Nadia AJAILIA','52869156','P','UP-GC','06');
Insert into ESP_ENSEIGNANT (TEACHERID,EMAIL,FULLNAME,PHONE,TYPE,UP,FK_DEPARTMENENT) values ('V-1441-16','marouen.kachroudi@gmail.com','Marwen KACHROUDI',null,'P','UP_MATH','02');
Insert into ESP_ENSEIGNANT (TEACHERID,EMAIL,FULLNAME,PHONE,TYPE,UP,FK_DEPARTMENENT) values ('V-1466-16','adnen.bennasr@isg.rnu.tn','Adnen BEN NASR',null,'V','UP_MATH','02');
Insert into ESP_ENSEIGNANT (TEACHERID,EMAIL,FULLNAME,PHONE,TYPE,UP,FK_DEPARTMENENT) values ('P-739-13','sinda.belhajdaoud@esprit.tn','Sinda HAJ DAOUED','25606996','P','UP_ALGO','02');
Insert into ESP_ENSEIGNANT (TEACHERID,EMAIL,FULLNAME,PHONE,TYPE,UP,FK_DEPARTMENENT) values ('V-1511-17','maaouia@greencode.tn','Maaouia BEN HAMED','98512592','V','UP_JEE_DOTNET','03');
Insert into ESP_ENSEIGNANT (TEACHERID,EMAIL,FULLNAME,PHONE,TYPE,UP,FK_DEPARTMENENT) values ('P-1500-17','faouzi.jaidi@gmail.com','Faouzi JAIDI','97035449','P','UP_JAVA','03');
Insert into ESP_ENSEIGNANT (TEACHERID,EMAIL,FULLNAME,PHONE,TYPE,UP,FK_DEPARTMENENT) values ('P-287-11','wael.malek@esprit.tn','Wael MALLEK','98 709 214','P','UP_JAVA','03');
Insert into ESP_ENSEIGNANT (TEACHERID,EMAIL,FULLNAME,PHONE,TYPE,UP,FK_DEPARTMENENT) values ('V-1506-17','maroueneboubakri@gmail.com','Marouen BOUBAKRI',null,'V','UP_RESEAUX','04');
Insert into ESP_ENSEIGNANT (TEACHERID,EMAIL,FULLNAME,PHONE,TYPE,UP,FK_DEPARTMENENT) values ('V-1508-17','nizar.montassar@ati.tn','Nizar MONTASSAR',null,'V','UP_SYSTEME','04');
Insert into ESP_ENSEIGNANT (TEACHERID,EMAIL,FULLNAME,PHONE,TYPE,UP,FK_DEPARTMENENT) values ('V-1335-16','KHALED BAHRI@esprit.com','KHALED BAHRI',null,'V','UP_LANGUE','01');
Insert into ESP_ENSEIGNANT (TEACHERID,EMAIL,FULLNAME,PHONE,TYPE,UP,FK_DEPARTMENENT) values ('V-1065-14','ANISSA.OTHMANI@esprit.com','ANISSA OTHMANI',null,'V','UP_LANGUE','01');
Insert into ESP_ENSEIGNANT (TEACHERID,EMAIL,FULLNAME,PHONE,TYPE,UP,FK_DEPARTMENENT) values ('P-511-19','ABDAOUI.Noura@eprit.tn','ABDAOUI Noura',null,'P','UP_GL_BD','02');
Insert into ESP_ENSEIGNANT (TEACHERID,EMAIL,FULLNAME,PHONE,TYPE,UP,FK_DEPARTMENENT) values ('P-501-19','DHAOUADI.Rahma@eprit.tn','DHAOUADI Rahma',null,'P','UP_GL_BD','02');
Insert into ESP_ENSEIGNANT (TEACHERID,EMAIL,FULLNAME,PHONE,TYPE,UP,FK_DEPARTMENENT) values ('P-478-19','ZAOUGA.WIEM@eprit.tn','ZAOUGA  WIEM ',null,'P','UP_GL_BD','02');
Insert into ESP_ENSEIGNANT (TEACHERID,EMAIL,FULLNAME,PHONE,TYPE,UP,FK_DEPARTMENENT) values ('P-111-19','BESGHAIER.Haythem@eprit.tn','BESGHAIER Haythem',null,'P','UP_GL_BD','02');

Insert into ESP_MODULE (MODULEID,DESIGNATION) values ('SN-03','Switched Networks');
Insert into ESP_MODULE (MODULEID,DESIGNATION) values ('AN-02','Communication, Culture et Citoyenneté A2 ');
Insert into ESP_MODULE (MODULEID,DESIGNATION) values ('FR-02','Communication, Culture et Citoyenneté F2 ');
Insert into ESP_MODULE (MODULEID,DESIGNATION) values ('MB-02','Mathématiques de Base 2');
Insert into ESP_MODULE (MODULEID,DESIGNATION) values ('BD-02','Bases de Données');
Insert into ESP_MODULE (MODULEID,DESIGNATION) values ('RC-02','Réseaux de communication');
Insert into ESP_MODULE (MODULEID,DESIGNATION) values ('CM-02','Chimie des materiaux ');
Insert into ESP_MODULE (MODULEID,DESIGNATION) values ('EA-02','Electronique analogique 2');
Insert into ESP_MODULE (MODULEID,DESIGNATION) values ('GI-02','Géologie de lingénieur');
Insert into ESP_MODULE (MODULEID,DESIGNATION) values ('MF-02','Mécanique des fluides');
Insert into ESP_MODULE (MODULEID,DESIGNATION) values ('ML-01','Métallurgie');
Insert into ESP_MODULE (MODULEID,DESIGNATION) values ('FR-03','Communication, Culture et Citoyenneté F3 ');
Insert into ESP_MODULE (MODULEID,DESIGNATION) values ('JV-03','Conception par Objet et Programmation Java');
Insert into ESP_MODULE (MODULEID,DESIGNATION) values ('ASD-03','Algorithmique et Structures de Données');
Insert into ESP_MODULE (MODULEID,DESIGNATION) values ('TEI-03','Techniques d''estimation pour l''ingénieur');
Insert into ESP_MODULE (MODULEID,DESIGNATION) values ('EP-03','Electronique de Puissance');
Insert into ESP_MODULE (MODULEID,DESIGNATION) values ('MI-03','Mathématiques pour lingénieur');
Insert into ESP_MODULE (MODULEID,DESIGNATION) values ('MMC-03','Mécanique des milieux continus');
Insert into ESP_MODULE (MODULEID,DESIGNATION) values ('HR-03','Harmonisation');
Insert into ESP_MODULE (MODULEID,DESIGNATION) values ('BA-03','Béton Armé');
Insert into ESP_MODULE (MODULEID,DESIGNATION) values ('CMM-03','Construction Métallique & Mixte');
Insert into ESP_MODULE (MODULEID,DESIGNATION) values ('MS-03','Mécanique des Sols');
Insert into ESP_MODULE (MODULEID,DESIGNATION) values ('FR-04','Communication, Culture et Citoyenneté F4');
Insert into ESP_MODULE (MODULEID,DESIGNATION) values ('AN-04','Communication, Culture et Citoyenneté A4');
Insert into ESP_MODULE (MODULEID,DESIGNATION) values ('SI-04','Sécurité informatique');
Insert into ESP_MODULE (MODULEID,DESIGNATION) values ('TV-04','Techniques de Virtualisation');
Insert into ESP_MODULE (MODULEID,DESIGNATION) values ('SEA-04','Systèmes d''exploitation avancés');
Insert into ESP_MODULE (MODULEID,DESIGNATION) values ('ASI-04','Architecture des SI I');
Insert into ESP_MODULE (MODULEID,DESIGNATION) values ('IE-04','Innovation et entreprenariat');
Insert into ESP_MODULE (MODULEID,DESIGNATION) values ('ID-04','Informatique  Décisionnelle');
Insert into ESP_MODULE (MODULEID,DESIGNATION) values ('DM-04','Data Mining');
Insert into ESP_MODULE (MODULEID,DESIGNATION) values ('GA-04','Graphes et applications');
Insert into ESP_MODULE (MODULEID,DESIGNATION) values ('BEP-04','BE Béton précontraint');
Insert into ESP_MODULE (MODULEID,DESIGNATION) values ('BEO-04','BE ouvrage dart');
Insert into ESP_MODULE (MODULEID,DESIGNATION) values ('AIOS-04','Atelier iOS');
Insert into ESP_MODULE (MODULEID,DESIGNATION) values ('AOS-04','Architecture Orientée Services SOA');
Insert into ESP_MODULE (MODULEID,DESIGNATION) values ('AA-04','Atelier Android');
Insert into ESP_MODULE (MODULEID,DESIGNATION) values ('TVL-05','Test et validation de logiciel');
Insert into ESP_MODULE (MODULEID,DESIGNATION) values ('CPA-05','Compétences personnelles A');
Insert into ESP_MODULE (MODULEID,DESIGNATION) values ('CPF-05','Compétences personnelles F');
Insert into ESP_MODULE (MODULEID,DESIGNATION) values ('DM-05','Développement mobile ');
Insert into ESP_MODULE (MODULEID,DESIGNATION) values ('IID-05','Initiation à linformatique décisionnelle');
Insert into ESP_MODULE (MODULEID,DESIGNATION) values ('SBTP-05','Sécurité BTP');
Insert into ESP_MODULE (MODULEID,DESIGNATION) values ('PSO-05','Projet Structures & Ouvrages');
Insert into ESP_MODULE (MODULEID,DESIGNATION) values ('DL-05','Deep learning');
Insert into ESP_MODULE (MODULEID,DESIGNATION) values ('SAP-05','SAP-BW');
Insert into ESP_MODULE (MODULEID,DESIGNATION) values ('CC-01','Projet C');
Insert into ESP_MODULE (MODULEID,DESIGNATION) values ('UL-03','Langage de modélisation (UML)');
Insert into ESP_MODULE (MODULEID,DESIGNATION) values ('AN-03','Communication, Culture et Citoyenneté A3');
Insert into ESP_MODULE (MODULEID,DESIGNATION) values ('LM-01','Logiciels de base & Multimédia');
Insert into ESP_MODULE (MODULEID,DESIGNATION) values ('EL-01','Electronique 1');
Insert into ESP_MODULE (MODULEID,DESIGNATION) values ('AN-01','Communication, Culture et Citoyenneté A1');
Insert into ESP_MODULE (MODULEID,DESIGNATION) values ('MC-01','Mécanique de base');
Insert into ESP_MODULE (MODULEID,DESIGNATION) values ('IN-01','Informatique 1');
Insert into ESP_MODULE (MODULEID,DESIGNATION) values ('MB-03','Math de Base 3');
Insert into ESP_MODULE (MODULEID,DESIGNATION) values ('MB-01','Math de Base 1');
Insert into ESP_MODULE (MODULEID,DESIGNATION) values ('RS-01','Systeme et Reseaux');
Insert into ESP_MODULE (MODULEID,DESIGNATION) values ('FR-01','Communication, Culture et Citoyenneté F1');
Insert into ESP_MODULE (MODULEID,DESIGNATION) values ('ON-01','Ondes et vibrations');
Insert into ESP_MODULE (MODULEID,DESIGNATION) values ('CH-01','Chimie');
Insert into ESP_MODULE (MODULEID,DESIGNATION) values ('EA-01','Electronique Analogique');
Insert into ESP_MODULE (MODULEID,DESIGNATION) values ('EM-01','Electromagnétisme');
