Insert into ESP_MODULE_CLASS (ASSIGNID,COEFFICIENT,NBRHOUR,TYPEEXAM,FK_CLASS,FK_MODULE,FK_SEMESTER) values ('89e5bd1b-7a65-4823-a76a-2L65N95fee7','3','63','Écrit','4ERP-BI2','ID-04','103');
Insert into ESP_MODULE_CLASS (ASSIGNID,COEFFICIENT,NBRHOUR,TYPEEXAM,FK_CLASS,FK_MODULE,FK_SEMESTER) values ('89e5bd1b-7a65-4823-a76a-2L65N95fee8','3','63','Écrit','4ERP-BI1','ID-04','103');
Insert into ESP_MODULE_CLASS (ASSIGNID,COEFFICIENT,NBRHOUR,TYPEEXAM,FK_CLASS,FK_MODULE,FK_SEMESTER) values ('89e5bd1b-7a65-4823-a76a-2L65N95fKe8','3','63','Écrit','4ERP-BI1','DM-04','103');
Insert into ESP_MODULE_CLASS (ASSIGNID,COEFFICIENT,NBRHOUR,TYPEEXAM,FK_CLASS,FK_MODULE,FK_SEMESTER) values ('89e5bd1b-7a65-4823-a76a-2L65N95fK58','3','63','Écrit','4ERP-BI2','DM-04','103');
Insert into ESP_MODULE_CLASS (ASSIGNID,COEFFICIENT,NBRHOUR,TYPEEXAM,FK_CLASS,FK_MODULE,FK_SEMESTER) values ('89e5bd1b-7a65-4823-a76a-2L65N94fK58','3','63','Écrit','4ERP-BI2','GA-04','103');
Insert into ESP_MODULE_CLASS (ASSIGNID,COEFFICIENT,NBRHOUR,TYPEEXAM,FK_CLASS,FK_MODULE,FK_SEMESTER) values ('89e5bd1b-7a65-4823-a76a-2L65N94fJ58','3','63','Écrit','4ERP-BI1','GA-04','103');
Insert into ESP_MODULE_CLASS (ASSIGNID,COEFFICIENT,NBRHOUR,TYPEEXAM,FK_CLASS,FK_MODULE,FK_SEMESTER) values ('89e5bd1b-7a65-4823-a76a-2L65N95fK8','3','63','Écrit','4GC1','BEP-04','103');
Insert into ESP_MODULE_CLASS (ASSIGNID,COEFFICIENT,NBRHOUR,TYPEEXAM,FK_CLASS,FK_MODULE,FK_SEMESTER) values ('89e5bd1b-7a65-4823-a76a-2L45N95fK8','3','63','Écrit','4GC2','BEP-04','103');
Insert into ESP_MODULE_CLASS (ASSIGNID,COEFFICIENT,NBRHOUR,TYPEEXAM,FK_CLASS,FK_MODULE,FK_SEMESTER) values ('89e5bd1b-7a65-4823-a76a-2L45595fK8','3','63','Écrit','4GC2','BEO-04','103');
Insert into ESP_MODULE_CLASS (ASSIGNID,COEFFICIENT,NBRHOUR,TYPEEXAM,FK_CLASS,FK_MODULE,FK_SEMESTER) values ('89e5bd1b-7a65-4823-a76a-2L45595fK9','3','63','Écrit','4GC1','BEO-04','103');
Insert into ESP_MODULE_CLASS (ASSIGNID,COEFFICIENT,NBRHOUR,TYPEEXAM,FK_CLASS,FK_MODULE,FK_SEMESTER) values ('89e5bd1b-7a65-4823-a56a-2L45595fK9','3','63','Pratique','4SIM1','AIOS-04','103');
Insert into ESP_MODULE_CLASS (ASSIGNID,COEFFICIENT,NBRHOUR,TYPEEXAM,FK_CLASS,FK_MODULE,FK_SEMESTER) values ('89e5bd1b-7a65-4823-a56a-2L45594fK9','3','63','Pratique','4SIM2','AIOS-04','103');
Insert into ESP_MODULE_CLASS (ASSIGNID,COEFFICIENT,NBRHOUR,TYPEEXAM,FK_CLASS,FK_MODULE,FK_SEMESTER) values ('89e5bd1b-7a65-4823-a56a-2L45554fK9','3','63','Écrit','4SIM2','FR-04','103');
Insert into ESP_MODULE_CLASS (ASSIGNID,COEFFICIENT,NBRHOUR,TYPEEXAM,FK_CLASS,FK_MODULE,FK_SEMESTER) values ('89e5bd1b-7a65-4823-a56a-2L45554fH9','3','63','Écrit','4SIM1','FR-04','103');
Insert into ESP_MODULE_CLASS (ASSIGNID,COEFFICIENT,NBRHOUR,TYPEEXAM,FK_CLASS,FK_MODULE,FK_SEMESTER) values ('89e5bd1b-7a65-4823-a56a-2L4555FfH9','3','63','Écrit','4SIM1','AN-04','103');
Insert into ESP_MODULE_CLASS (ASSIGNID,COEFFICIENT,NBRHOUR,TYPEEXAM,FK_CLASS,FK_MODULE,FK_SEMESTER) values ('89e5bd1b-7a65-4823-a56a-2LD555FfH9','3','63','Écrit','4SIM2','AN-04','103');
Insert into ESP_MODULE_CLASS (ASSIGNID,COEFFICIENT,NBRHOUR,TYPEEXAM,FK_CLASS,FK_MODULE,FK_SEMESTER) values ('89e5bd1b-7a65-4823-a56a-2GD555FfH9','3','63','Écrit','4SIM2','SEA-04','103');
Insert into ESP_MODULE_CLASS (ASSIGNID,COEFFICIENT,NBRHOUR,TYPEEXAM,FK_CLASS,FK_MODULE,FK_SEMESTER) values ('89e5bd1b-7a65-4823-a56a-2GD55MFfH9','3','63','Écrit','4SIM1','SEA-04','103');
Insert into ESP_MODULE_CLASS (ASSIGNID,COEFFICIENT,NBRHOUR,TYPEEXAM,FK_CLASS,FK_MODULE,FK_SEMESTER) values ('89e5bd1b-7a65-4823-a56a-2GD5DMFfH9','3','63','Écrit','4SIM1','AOS-04','103');
Insert into ESP_MODULE_CLASS (ASSIGNID,COEFFICIENT,NBRHOUR,TYPEEXAM,FK_CLASS,FK_MODULE,FK_SEMESTER) values ('89e5bd1b-7a65-4823-a56a-2GDNDMFfH9','3','63','Écrit','4SIM2','AOS-04','103');
Insert into ESP_MODULE_CLASS (ASSIGNID,COEFFICIENT,NBRHOUR,TYPEEXAM,FK_CLASS,FK_MODULE,FK_SEMESTER) values ('89e5bd1b-7a65-4823-a56a-2LDNDMFfH9','3','63','Pratique','4SIM2','AA-04','103');
Insert into ESP_MODULE_CLASS (ASSIGNID,COEFFICIENT,NBRHOUR,TYPEEXAM,FK_CLASS,FK_MODULE,FK_SEMESTER) values ('89e5bd1b-7E65-4823-a56a-2LDNDMFfH9','3','63','Pratique','4SIM1','AA-04','103');
Insert into ESP_MODULE_CLASS (ASSIGNID,COEFFICIENT,NBRHOUR,TYPEEXAM,FK_CLASS,FK_MODULE,FK_SEMESTER) values ('89e5bd1b-7E65-4823-a54a-2LDNDGFfH9','3','42','Écrit','5GL1','TVL-05','103');
Insert into ESP_MODULE_CLASS (ASSIGNID,COEFFICIENT,NBRHOUR,TYPEEXAM,FK_CLASS,FK_MODULE,FK_SEMESTER) values ('89e5bd1b-7E65-4823-a54a-2LDNDGDfH9','3','42','Écrit','5GL2','TVL-05','103');
Insert into ESP_MODULE_CLASS (ASSIGNID,COEFFICIENT,NBRHOUR,TYPEEXAM,FK_CLASS,FK_MODULE,FK_SEMESTER) values ('89e5bd1b-7E65-4823-a56a-2LDNDCFfH9','3','42','Écrit','5GL1','CPA-05','103');
Insert into ESP_MODULE_CLASS (ASSIGNID,COEFFICIENT,NBRHOUR,TYPEEXAM,FK_CLASS,FK_MODULE,FK_SEMESTER) values ('89e5bd1b-7E65-4823-a56a-2LDNDCBfH9','3','42','Écrit','5GL2','CPA-05','103');
Insert into ESP_MODULE_CLASS (ASSIGNID,COEFFICIENT,NBRHOUR,TYPEEXAM,FK_CLASS,FK_MODULE,FK_SEMESTER) values ('89e5bd1b-7E65-4823-a56a-2LDNNCBfH9','3','42','Écrit','5ERP-BI1','CPA-05','103');
Insert into ESP_MODULE_CLASS (ASSIGNID,COEFFICIENT,NBRHOUR,TYPEEXAM,FK_CLASS,FK_MODULE,FK_SEMESTER) values ('89e5bd1b-7E65-4823-a56a-2LDVNCBfH9','3','42','Écrit','5ERP-BI2','CPA-05','103');
Insert into ESP_MODULE_CLASS (ASSIGNID,COEFFICIENT,NBRHOUR,TYPEEXAM,FK_CLASS,FK_MODULE,FK_SEMESTER) values ('89e5bd1b-7E65-4823-a56a-2LDVNCB4H9','3','42','Écrit','5GC1','CPA-05','103');
Insert into ESP_MODULE_CLASS (ASSIGNID,COEFFICIENT,NBRHOUR,TYPEEXAM,FK_CLASS,FK_MODULE,FK_SEMESTER) values ('89e5bd1b-7E65-4823-a56a-2LDVNCB489','3','42','Écrit','5GC2','CPA-05','103');
Insert into ESP_MODULE_CLASS (ASSIGNID,COEFFICIENT,NBRHOUR,TYPEEXAM,FK_CLASS,FK_MODULE,FK_SEMESTER) values ('89e5bd1b-7E65-4823-a56a-2LDVN4B489','3','42','Écrit','5GC2','CPF-05','103');
Insert into ESP_MODULE_CLASS (ASSIGNID,COEFFICIENT,NBRHOUR,TYPEEXAM,FK_CLASS,FK_MODULE,FK_SEMESTER) values ('89e5bd1b-7E65-4823-a56a-2LDVN4B48E','3','42','Écrit','5GC1','CPF-05','103');
Insert into ESP_MODULE_CLASS (ASSIGNID,COEFFICIENT,NBRHOUR,TYPEEXAM,FK_CLASS,FK_MODULE,FK_SEMESTER) values ('89e5bd1b-7E65-4823-a56a-2LDGN4B48E','3','42','Écrit','5GL1','CPF-05','103');
Insert into ESP_MODULE_CLASS (ASSIGNID,COEFFICIENT,NBRHOUR,TYPEEXAM,FK_CLASS,FK_MODULE,FK_SEMESTER) values ('89e5bd1b-7E65-4823-a56a-2SDGN4B48E','3','42','Écrit','5GL2','CPF-05','103');
Insert into ESP_MODULE_CLASS (ASSIGNID,COEFFICIENT,NBRHOUR,TYPEEXAM,FK_CLASS,FK_MODULE,FK_SEMESTER) values ('89e5bd1b-7E65-4823-a56a-2SDG44B48E','3','42','Écrit','5ERP-BI1','CPF-05','103');
Insert into ESP_MODULE_CLASS (ASSIGNID,COEFFICIENT,NBRHOUR,TYPEEXAM,FK_CLASS,FK_MODULE,FK_SEMESTER) values ('89e5bd1b-7E65-4823-a56a-2SDG44748E','3','42','Écrit','5ERP-BI2','DL-05','103');
Insert into ESP_MODULE_CLASS (ASSIGNID,COEFFICIENT,NBRHOUR,TYPEEXAM,FK_CLASS,FK_MODULE,FK_SEMESTER) values ('89e5bd1b-7E65-4823-a56a-2SDG4T748E','3','42','Écrit','5GL1','DM-05','103');
Insert into ESP_MODULE_CLASS (ASSIGNID,COEFFICIENT,NBRHOUR,TYPEEXAM,FK_CLASS,FK_MODULE,FK_SEMESTER) values ('89e5bd1b-7E65-4823-a56a-2DDG4T748E','3','42','Écrit','5GL2','DM-05','103');
Insert into ESP_MODULE_CLASS (ASSIGNID,COEFFICIENT,NBRHOUR,TYPEEXAM,FK_CLASS,FK_MODULE,FK_SEMESTER) values ('89e5bd1b-7E65-4823-a56a-2DdG4T748E','3','42','Écrit','5GL2','IID-05','103');
Insert into ESP_MODULE_CLASS (ASSIGNID,COEFFICIENT,NBRHOUR,TYPEEXAM,FK_CLASS,FK_MODULE,FK_SEMESTER) values ('89e5bd1b-7E65-4823-a56a-2DdG4T74eE','3','42','Écrit','5GL1','IID-05','103');
Insert into ESP_MODULE_CLASS (ASSIGNID,COEFFICIENT,NBRHOUR,TYPEEXAM,FK_CLASS,FK_MODULE,FK_SEMESTER) values ('89e5bd1b-7E65-4823-a56a-2DAG4T74eE','3','42','Écrit','5GC1','SBTP-05','103');
Insert into ESP_MODULE_CLASS (ASSIGNID,COEFFICIENT,NBRHOUR,TYPEEXAM,FK_CLASS,FK_MODULE,FK_SEMESTER) values ('89e5bd1b-7E65-4823-a56a-2DAG4T74CE','3','42','Écrit','5GC2','SBTP-05','103');
Insert into ESP_MODULE_CLASS (ASSIGNID,COEFFICIENT,NBRHOUR,TYPEEXAM,FK_CLASS,FK_MODULE,FK_SEMESTER) values ('89e5bd1b-7E65-4823-a56a-2DAG4T74EE','3','42','Écrit','5GC2','PSO-05','103');
Insert into ESP_MODULE_CLASS (ASSIGNID,COEFFICIENT,NBRHOUR,TYPEEXAM,FK_CLASS,FK_MODULE,FK_SEMESTER) values ('89e5bd1b-7E65-4823-a56a-2DAG4T7DEE','3','42','Écrit','5GC1','PSO-05','103');
Insert into ESP_MODULE_CLASS (ASSIGNID,COEFFICIENT,NBRHOUR,TYPEEXAM,FK_CLASS,FK_MODULE,FK_SEMESTER) values ('89e5bd1b-7E65-4823-a56a-2DAG4TRDEE','3','42','Écrit','5ERP-BI1','DL-05','103');
Insert into ESP_MODULE_CLASS (ASSIGNID,COEFFICIENT,NBRHOUR,TYPEEXAM,FK_CLASS,FK_MODULE,FK_SEMESTER) values ('89e5bd1b-7E65-4823-a56a-2DAG4TRFEE','3','42','Écrit','5ERP-BI2','CPA-05','103');
Insert into ESP_MODULE_CLASS (ASSIGNID,COEFFICIENT,NBRHOUR,TYPEEXAM,FK_CLASS,FK_MODULE,FK_SEMESTER) values ('7e6e4689-b516-492e-909e-8ed3d1ffd59e','3','22','Écrit','1A1','RS-01','104');
Insert into ESP_MODULE_CLASS (ASSIGNID,COEFFICIENT,NBRHOUR,TYPEEXAM,FK_CLASS,FK_MODULE,FK_SEMESTER) values ('c10c937e-ad19-4257-97fd-a48b5b9a59ba','3','22','Écrit','1A2','RS-01','104');
Insert into ESP_MODULE_CLASS (ASSIGNID,COEFFICIENT,NBRHOUR,TYPEEXAM,FK_CLASS,FK_MODULE,FK_SEMESTER) values ('df9a3765-1bd3-4ad8-96aa-eb52979bb765','5','42','Pratique','1A2','CC-01','103');
Insert into ESP_MODULE_CLASS (ASSIGNID,COEFFICIENT,NBRHOUR,TYPEEXAM,FK_CLASS,FK_MODULE,FK_SEMESTER) values ('2b2e0733-5da8-4a23-9e60-3ae837c0e1b7','5','42','Écrit','1A1','MB-01','104');
Insert into ESP_MODULE_CLASS (ASSIGNID,COEFFICIENT,NBRHOUR,TYPEEXAM,FK_CLASS,FK_MODULE,FK_SEMESTER) values ('9dba6b99-a44c-4608-b8fe-ef0d31679ef6','5','42','Écrit','1A2','MB-01','104');
Insert into ESP_MODULE_CLASS (ASSIGNID,COEFFICIENT,NBRHOUR,TYPEEXAM,FK_CLASS,FK_MODULE,FK_SEMESTER) values ('8cf64828-ad08-46a5-b8c1-ae11923059d1','5','42','Écrit','1EM1','MB-01','104');
Insert into ESP_MODULE_CLASS (ASSIGNID,COEFFICIENT,NBRHOUR,TYPEEXAM,FK_CLASS,FK_MODULE,FK_SEMESTER) values ('4f0de09e-908c-43cc-b607-525a20207851','5','42','Écrit','1EM2','MB-01','104');
Insert into ESP_MODULE_CLASS (ASSIGNID,COEFFICIENT,NBRHOUR,TYPEEXAM,FK_CLASS,FK_MODULE,FK_SEMESTER) values ('9cf41eec-981c-40d3-9caa-f36c55eaccc7','5','42','Écrit','1GC1','MB-01','104');
Insert into ESP_MODULE_CLASS (ASSIGNID,COEFFICIENT,NBRHOUR,TYPEEXAM,FK_CLASS,FK_MODULE,FK_SEMESTER) values ('89e5bd1b-7E65-4823-a56a-2DAB4TAFEE','3','42','Écrit','5ERP-BI2','SAP-05','103');
Insert into ESP_MODULE_CLASS (ASSIGNID,COEFFICIENT,NBRHOUR,TYPEEXAM,FK_CLASS,FK_MODULE,FK_SEMESTER) values ('89e5bd1b-7E65-4823-a56a-2DABATAFEE','3','42','Écrit','5ERP-BI1','SAP-05','103');
Insert into ESP_MODULE_CLASS (ASSIGNID,COEFFICIENT,NBRHOUR,TYPEEXAM,FK_CLASS,FK_MODULE,FK_SEMESTER) values ('5b8fa6e4-3207-4bbb-9fc6-e970aaa194d2','2','22','Écrit','3A1','MB-03','103');
Insert into ESP_MODULE_CLASS (ASSIGNID,COEFFICIENT,NBRHOUR,TYPEEXAM,FK_CLASS,FK_MODULE,FK_SEMESTER) values ('cdc146dc-da3f-4519-991e-c69d9a46a1cf','2','30','Écrit','1A1','FR-01','104');
Insert into ESP_MODULE_CLASS (ASSIGNID,COEFFICIENT,NBRHOUR,TYPEEXAM,FK_CLASS,FK_MODULE,FK_SEMESTER) values ('98f7420c-436b-453c-9cc9-22b5668bbb69','2','30','Écrit','1A2','FR-01','104');
Insert into ESP_MODULE_CLASS (ASSIGNID,COEFFICIENT,NBRHOUR,TYPEEXAM,FK_CLASS,FK_MODULE,FK_SEMESTER) values ('d7f52445-87d9-4ca5-9f46-b346ce902382','2','30','Écrit','1GC1','FR-01','104');
Insert into ESP_MODULE_CLASS (ASSIGNID,COEFFICIENT,NBRHOUR,TYPEEXAM,FK_CLASS,FK_MODULE,FK_SEMESTER) values ('65664e21-b4de-4377-b68b-e618531181c5','2','30','Écrit','1EM1','FR-01','104');
Insert into ESP_MODULE_CLASS (ASSIGNID,COEFFICIENT,NBRHOUR,TYPEEXAM,FK_CLASS,FK_MODULE,FK_SEMESTER) values ('60a79195-28d7-4c0c-bcce-17f4d2333c5f','2','30','Écrit','1EM2','FR-01','104');
Insert into ESP_MODULE_CLASS (ASSIGNID,COEFFICIENT,NBRHOUR,TYPEEXAM,FK_CLASS,FK_MODULE,FK_SEMESTER) values ('ef5aea05-0e77-4c26-84c9-ae94aa70bbca','3','30','Écrit','1GC1','ON-01','104');
Insert into ESP_MODULE_CLASS (ASSIGNID,COEFFICIENT,NBRHOUR,TYPEEXAM,FK_CLASS,FK_MODULE,FK_SEMESTER) values ('da08b105-53b0-4018-a3fe-5c62d03c3516','3','22','Écrit','1GC1','CH-01','103');
Insert into ESP_MODULE_CLASS (ASSIGNID,COEFFICIENT,NBRHOUR,TYPEEXAM,FK_CLASS,FK_MODULE,FK_SEMESTER) values ('ef18e191-e163-4b3e-88e7-4ac05e3c48b3','3','42','Écrit','1EM1','AN-01','103');
Insert into ESP_MODULE_CLASS (ASSIGNID,COEFFICIENT,NBRHOUR,TYPEEXAM,FK_CLASS,FK_MODULE,FK_SEMESTER) values ('e009c628-e5d2-4b52-b0d6-e252299d4408','0','63','Écrit','1EM2','EA-01','103');
Insert into ESP_MODULE_CLASS (ASSIGNID,COEFFICIENT,NBRHOUR,TYPEEXAM,FK_CLASS,FK_MODULE,FK_SEMESTER) values ('53f57792-d712-4d7b-967c-b749b4d9bb25','3','42','Écrit','1EM1','EM-01','104');
Insert into ESP_MODULE_CLASS (ASSIGNID,COEFFICIENT,NBRHOUR,TYPEEXAM,FK_CLASS,FK_MODULE,FK_SEMESTER) values ('291ef715-958e-4862-bfc4-74c72e056094','3','42','Écrit','2A1','AN-02','103');
Insert into ESP_MODULE_CLASS (ASSIGNID,COEFFICIENT,NBRHOUR,TYPEEXAM,FK_CLASS,FK_MODULE,FK_SEMESTER) values ('cc8c1b3d-a7c7-45cf-b049-82ef25fdd777','5','42','Pratique','1A1','CC-01','103');
Insert into ESP_MODULE_CLASS (ASSIGNID,COEFFICIENT,NBRHOUR,TYPEEXAM,FK_CLASS,FK_MODULE,FK_SEMESTER) values ('5ef05082-0dd2-4baf-aac0-917cf7ac6ca3','2','42','Écrit','1A1','AN-01','103');
Insert into ESP_MODULE_CLASS (ASSIGNID,COEFFICIENT,NBRHOUR,TYPEEXAM,FK_CLASS,FK_MODULE,FK_SEMESTER) values ('0f4d3fe5-e2b7-4219-a1a0-397670336347','3','42','Écrit','1GC1','AN-01','103');
Insert into ESP_MODULE_CLASS (ASSIGNID,COEFFICIENT,NBRHOUR,TYPEEXAM,FK_CLASS,FK_MODULE,FK_SEMESTER) values ('89e5bd1b-7a65-4823-a76a-2d36b2bcfeea','3','42','Écrit','1EM1','EA-01','103');
Insert into ESP_MODULE_CLASS (ASSIGNID,COEFFICIENT,NBRHOUR,TYPEEXAM,FK_CLASS,FK_MODULE,FK_SEMESTER) values ('a334ccc7-1733-4ecd-ac94-818ca41731dc','3','42','Écrit','1EM2','AN-01','103');
Insert into ESP_MODULE_CLASS (ASSIGNID,COEFFICIENT,NBRHOUR,TYPEEXAM,FK_CLASS,FK_MODULE,FK_SEMESTER) values ('e2f887e8-9f97-4b25-8eb8-8191285a2c97','3','42','Écrit','1A2','AN-01','103');
Insert into ESP_MODULE_CLASS (ASSIGNID,COEFFICIENT,NBRHOUR,TYPEEXAM,FK_CLASS,FK_MODULE,FK_SEMESTER) values ('c4914f14-3a3c-40f8-8c4e-973106caf970','2','42','Écrit','1EM2','EM-01','104');
Insert into ESP_MODULE_CLASS (ASSIGNID,COEFFICIENT,NBRHOUR,TYPEEXAM,FK_CLASS,FK_MODULE,FK_SEMESTER) values ('a74f693a-c394-4713-af70-af108bd09d67','3','42','Écrit','2EM1','AN-02','103');
Insert into ESP_MODULE_CLASS (ASSIGNID,COEFFICIENT,NBRHOUR,TYPEEXAM,FK_CLASS,FK_MODULE,FK_SEMESTER) values ('f882ed4d-932c-4452-9e0b-1902a9e72ab5','2','21','Écrit','3A1','AN-03','103');
Insert into ESP_MODULE_CLASS (ASSIGNID,COEFFICIENT,NBRHOUR,TYPEEXAM,FK_CLASS,FK_MODULE,FK_SEMESTER) values ('6474b569-588d-4f45-bd0e-9ec2cdbb0cce','4','21','Écrit','3A2','AN-03','103');
Insert into ESP_MODULE_CLASS (ASSIGNID,COEFFICIENT,NBRHOUR,TYPEEXAM,FK_CLASS,FK_MODULE,FK_SEMESTER) values ('d5d8cdc0-1e80-4453-8c85-64f5cce9dafa','3','42','Écrit','2A2','AN-02','103');
Insert into ESP_MODULE_CLASS (ASSIGNID,COEFFICIENT,NBRHOUR,TYPEEXAM,FK_CLASS,FK_MODULE,FK_SEMESTER) values ('cd05a8cf-64f3-4e3d-8033-0eff0a4b26da','3','42','Écrit','2GC1','AN-02','103');
Insert into ESP_MODULE_CLASS (ASSIGNID,COEFFICIENT,NBRHOUR,TYPEEXAM,FK_CLASS,FK_MODULE,FK_SEMESTER) values ('bc680373-4133-4543-bdee-5f9605c43c99','3','42','Écrit','2EM2','AN-02','103');
Insert into ESP_MODULE_CLASS (ASSIGNID,COEFFICIENT,NBRHOUR,TYPEEXAM,FK_CLASS,FK_MODULE,FK_SEMESTER) values ('1ad1b03f-985e-49c3-b778-09f6a3dc8f71','4','21','Écrit','2A1','FR-02','104');
Insert into ESP_MODULE_CLASS (ASSIGNID,COEFFICIENT,NBRHOUR,TYPEEXAM,FK_CLASS,FK_MODULE,FK_SEMESTER) values ('66857e24-b7c1-4b0c-89c0-3f9369c23201','2','21','Soutenance','2A2','FR-02','104');
Insert into ESP_MODULE_CLASS (ASSIGNID,COEFFICIENT,NBRHOUR,TYPEEXAM,FK_CLASS,FK_MODULE,FK_SEMESTER) values ('b00c282c-1ace-44fd-9808-410ec67dfeea','2','21','Soutenance','2EM1','FR-02','104');
Insert into ESP_MODULE_CLASS (ASSIGNID,COEFFICIENT,NBRHOUR,TYPEEXAM,FK_CLASS,FK_MODULE,FK_SEMESTER) values ('b91cb2e0-1f27-4dc1-9788-6734131cdc1b','2','21','Soutenance','3A1','FR-03','104');
Insert into ESP_MODULE_CLASS (ASSIGNID,COEFFICIENT,NBRHOUR,TYPEEXAM,FK_CLASS,FK_MODULE,FK_SEMESTER) values ('2255e683-f558-4e5f-b8c3-1c115a1efacf','2','21','Écrit','3A2','JV-03','104');
Insert into ESP_MODULE_CLASS (ASSIGNID,COEFFICIENT,NBRHOUR,TYPEEXAM,FK_CLASS,FK_MODULE,FK_SEMESTER) values ('b4978482-46d4-4ad7-b1b4-c8148fac7259','2','21','Soutenance','3A1','UL-03','104');
Insert into ESP_MODULE_CLASS (ASSIGNID,COEFFICIENT,NBRHOUR,TYPEEXAM,FK_CLASS,FK_MODULE,FK_SEMESTER) values ('c5ceef6f-9844-4ac8-a0f3-3f26d2474252','4','21','Écrit','2A1','MB-02','103');
Insert into ESP_MODULE_CLASS (ASSIGNID,COEFFICIENT,NBRHOUR,TYPEEXAM,FK_CLASS,FK_MODULE,FK_SEMESTER) values ('7609980f-59ac-4d71-917c-50ea707a24f1','1','15','Soutenance','2A2','MB-02','103');
Insert into ESP_MODULE_CLASS (ASSIGNID,COEFFICIENT,NBRHOUR,TYPEEXAM,FK_CLASS,FK_MODULE,FK_SEMESTER) values ('8985f009-0201-47ce-a5d5-6c6f1857a46f','1','15','Écrit','2EM1','MB-02','104');
Insert into ESP_MODULE_CLASS (ASSIGNID,COEFFICIENT,NBRHOUR,TYPEEXAM,FK_CLASS,FK_MODULE,FK_SEMESTER) values ('450bf492-72fd-4dea-af8a-6686781805f6','1','15','Écrit','2EM2','MB-02','104');
Insert into ESP_MODULE_CLASS (ASSIGNID,COEFFICIENT,NBRHOUR,TYPEEXAM,FK_CLASS,FK_MODULE,FK_SEMESTER) values ('3242dd4c-a075-4e11-b884-84768d2481f5','2','21','Écrit','2GC1','MB-02','104');
Insert into ESP_MODULE_CLASS (ASSIGNID,COEFFICIENT,NBRHOUR,TYPEEXAM,FK_CLASS,FK_MODULE,FK_SEMESTER) values ('705bb5ff-8f6a-4f3b-be5e-b00b37e003a3','2','21','Écrit','3A2','UL-03','103');
Insert into ESP_MODULE_CLASS (ASSIGNID,COEFFICIENT,NBRHOUR,TYPEEXAM,FK_CLASS,FK_MODULE,FK_SEMESTER) values ('086acd35-1daf-4681-aa94-2b5e773b5e91','2','21','Écrit','2A2','RC-02','103');
Insert into ESP_MODULE_CLASS (ASSIGNID,COEFFICIENT,NBRHOUR,TYPEEXAM,FK_CLASS,FK_MODULE,FK_SEMESTER) values ('ee758a13-1ad2-42cf-abe7-64265032f9d3','2','21','Écrit','2A1','RC-02','103');
Insert into ESP_MODULE_CLASS (ASSIGNID,COEFFICIENT,NBRHOUR,TYPEEXAM,FK_CLASS,FK_MODULE,FK_SEMESTER) values ('5dffe006-1878-47e8-b37c-c14025881881','3','21','Écrit','2A2','BD-02','103');
Insert into ESP_MODULE_CLASS (ASSIGNID,COEFFICIENT,NBRHOUR,TYPEEXAM,FK_CLASS,FK_MODULE,FK_SEMESTER) values ('cab2de8b-c702-4b87-8c32-ed6693ec0422','3','21','Écrit','2A1','BD-02','103');
Insert into ESP_MODULE_CLASS (ASSIGNID,COEFFICIENT,NBRHOUR,TYPEEXAM,FK_CLASS,FK_MODULE,FK_SEMESTER) values ('3b87db4c-548f-4787-bbfc-d7d4e8b2aac9','2','21','Écrit','2EM1','CM-02','103');
Insert into ESP_MODULE_CLASS (ASSIGNID,COEFFICIENT,NBRHOUR,TYPEEXAM,FK_CLASS,FK_MODULE,FK_SEMESTER) values ('856c6510-7467-4388-936e-4c3708ee9bad','2','21','Écrit','2EM2','EA-02','103');
Insert into ESP_MODULE_CLASS (ASSIGNID,COEFFICIENT,NBRHOUR,TYPEEXAM,FK_CLASS,FK_MODULE,FK_SEMESTER) values ('4106e1e3-ed70-4971-9ff8-7bfe383ae22a','3','21','Écrit','2EM1','ML-01','104');
Insert into ESP_MODULE_CLASS (ASSIGNID,COEFFICIENT,NBRHOUR,TYPEEXAM,FK_CLASS,FK_MODULE,FK_SEMESTER) values ('816fe362-1866-4017-b3bd-fdf8b5b9f16f','3','30','Écrit','2EM2','FR-02','104');
Insert into ESP_MODULE_CLASS (ASSIGNID,COEFFICIENT,NBRHOUR,TYPEEXAM,FK_CLASS,FK_MODULE,FK_SEMESTER) values ('3be4816a-4ec2-4e90-80d1-9d1b82896a9d','3','30','Écrit','3A2','MB-03','103');
Insert into ESP_MODULE_CLASS (ASSIGNID,COEFFICIENT,NBRHOUR,TYPEEXAM,FK_CLASS,FK_MODULE,FK_SEMESTER) values ('fa9029d5-9abe-4d4e-a161-bcac8831d6cd','2','21','Écrit','3A1','SN-03','103');
Insert into ESP_MODULE_CLASS (ASSIGNID,COEFFICIENT,NBRHOUR,TYPEEXAM,FK_CLASS,FK_MODULE,FK_SEMESTER) values ('612e51e2-9cce-43e9-ab86-e0ef7b114697','2','21','Écrit','2EM2','CM-02','103');
Insert into ESP_MODULE_CLASS (ASSIGNID,COEFFICIENT,NBRHOUR,TYPEEXAM,FK_CLASS,FK_MODULE,FK_SEMESTER) values ('6e20d0fc-3b94-425e-bbb2-275a4de187ac','3','21','Écrit','2EM1','EA-02','103');
Insert into ESP_MODULE_CLASS (ASSIGNID,COEFFICIENT,NBRHOUR,TYPEEXAM,FK_CLASS,FK_MODULE,FK_SEMESTER) values ('46ecb866-a086-47a7-b335-12c638dc99a0','3','30','Écrit','2EM2','ML-01','104');
Insert into ESP_MODULE_CLASS (ASSIGNID,COEFFICIENT,NBRHOUR,TYPEEXAM,FK_CLASS,FK_MODULE,FK_SEMESTER) values ('f57f4949-85df-4034-9b5a-855e0784a70f','2','21','Écrit','2GC1','FR-02','103');
Insert into ESP_MODULE_CLASS (ASSIGNID,COEFFICIENT,NBRHOUR,TYPEEXAM,FK_CLASS,FK_MODULE,FK_SEMESTER) values ('5921b33c-d222-4aa3-b6a3-f3158226f942','2','21','Écrit','2GC1','MF-02','104');
Insert into ESP_MODULE_CLASS (ASSIGNID,COEFFICIENT,NBRHOUR,TYPEEXAM,FK_CLASS,FK_MODULE,FK_SEMESTER) values ('5921b33c-d222-4aa3-b6a3-f3158226f941','2','21','Écrit','2GC1','CM-02','103');
Insert into ESP_MODULE_CLASS (ASSIGNID,COEFFICIENT,NBRHOUR,TYPEEXAM,FK_CLASS,FK_MODULE,FK_SEMESTER) values ('89e5bd1b-7a65-4823-a76a-2d46k2bcfeea','3','63','Écrit','4ARCTIC1','FR-04','103');
Insert into ESP_MODULE_CLASS (ASSIGNID,COEFFICIENT,NBRHOUR,TYPEEXAM,FK_CLASS,FK_MODULE,FK_SEMESTER) values ('89e5bd1b-7a65-4823-a76a-4d46h2bcfeea','3','63','Écrit','4ARCTIC2','FR-04','103');
Insert into ESP_MODULE_CLASS (ASSIGNID,COEFFICIENT,NBRHOUR,TYPEEXAM,FK_CLASS,FK_MODULE,FK_SEMESTER) values ('89e5bd1b-7a65-4823-a76a-7d46b2Ocfeea','3','63','Écrit','4ERP-BI1','AN-04','103');
Insert into ESP_MODULE_CLASS (ASSIGNID,COEFFICIENT,NBRHOUR,TYPEEXAM,FK_CLASS,FK_MODULE,FK_SEMESTER) values ('89e5bd1b-7a65-4823-a76a-4d4kb2OcfOea','3','63','Écrit','4ERP-BI1','FR-04','103');
Insert into ESP_MODULE_CLASS (ASSIGNID,COEFFICIENT,NBRHOUR,TYPEEXAM,FK_CLASS,FK_MODULE,FK_SEMESTER) values ('89e5bd1b-7a65-4823-a76a-4J46v2OcfOea','3','63','Écrit','4GC1','AN-04','103');
Insert into ESP_MODULE_CLASS (ASSIGNID,COEFFICIENT,NBRHOUR,TYPEEXAM,FK_CLASS,FK_MODULE,FK_SEMESTER) values ('89e5bd1b-7a65-4823-a76a-4J4cb2OcLOea','3','63','Écrit','4GC2','AN-04','103');
Insert into ESP_MODULE_CLASS (ASSIGNID,COEFFICIENT,NBRHOUR,TYPEEXAM,FK_CLASS,FK_MODULE,FK_SEMESTER) values ('3b87db4c-548f-4787-bbfc-d7d4e8b2aac1','2','21','Écrit','1A1','EL-01','103');
Insert into ESP_MODULE_CLASS (ASSIGNID,COEFFICIENT,NBRHOUR,TYPEEXAM,FK_CLASS,FK_MODULE,FK_SEMESTER) values ('3b87db4c-548f-4787-bbfc-d7d4e8b2aac3','2','21','Écrit','1A2','EL-01','103');
Insert into ESP_MODULE_CLASS (ASSIGNID,COEFFICIENT,NBRHOUR,TYPEEXAM,FK_CLASS,FK_MODULE,FK_SEMESTER) values ('3b87db4c-548f-4787-bbfc-d7d4e8b2bac3','2','21','Écrit','1EM2','CH-01','103');
Insert into ESP_MODULE_CLASS (ASSIGNID,COEFFICIENT,NBRHOUR,TYPEEXAM,FK_CLASS,FK_MODULE,FK_SEMESTER) values ('3b87db4c-548f-4787-bbfc-d7d4e8b2bnc3','2','21','Écrit','1EM1','CH-01','103');
Insert into ESP_MODULE_CLASS (ASSIGNID,COEFFICIENT,NBRHOUR,TYPEEXAM,FK_CLASS,FK_MODULE,FK_SEMESTER) values ('3b87db4c-548f-4787-bbfc-d7d4n8b2bnc3','3','42','Écrit','1GC1','IN-01','103');
Insert into ESP_MODULE_CLASS (ASSIGNID,COEFFICIENT,NBRHOUR,TYPEEXAM,FK_CLASS,FK_MODULE,FK_SEMESTER) values ('3b87db4c-547f-4787-bbfc-d7d4e8b2aac9','2','21','Écrit','3A2','FR-03','103');
Insert into ESP_MODULE_CLASS (ASSIGNID,COEFFICIENT,NBRHOUR,TYPEEXAM,FK_CLASS,FK_MODULE,FK_SEMESTER) values ('89e5bd1b-7a65-4843-a76a-2d36b2bcfeea','3','63','Écrit','3A1','JV-03','103');
Insert into ESP_MODULE_CLASS (ASSIGNID,COEFFICIENT,NBRHOUR,TYPEEXAM,FK_CLASS,FK_MODULE,FK_SEMESTER) values ('89e5bd1b-7a65-4843-a76a-2d36b2bKfeea','3','63','Écrit','3A2','SN-03','103');
Insert into ESP_MODULE_CLASS (ASSIGNID,COEFFICIENT,NBRHOUR,TYPEEXAM,FK_CLASS,FK_MODULE,FK_SEMESTER) values ('89e5bd1b-7a65-4843-a76a-2d36b2HKfeea','3','63','Écrit','3B2','JV-03','103');
Insert into ESP_MODULE_CLASS (ASSIGNID,COEFFICIENT,NBRHOUR,TYPEEXAM,FK_CLASS,FK_MODULE,FK_SEMESTER) values ('89e5bd1b-7a65-4843-a76a-2d36b1HKfeea','3','63','Écrit','3B1','JV-03','103');
Insert into ESP_MODULE_CLASS (ASSIGNID,COEFFICIENT,NBRHOUR,TYPEEXAM,FK_CLASS,FK_MODULE,FK_SEMESTER) values ('89e5bd1b-7a65-4843-a76a-2d36b1HKfela','3','63','Écrit','3B1','FR-03','103');
Insert into ESP_MODULE_CLASS (ASSIGNID,COEFFICIENT,NBRHOUR,TYPEEXAM,FK_CLASS,FK_MODULE,FK_SEMESTER) values ('89e5bd1b-7a65-4843-a76a-2d36b1HKfila','3','63','Écrit','3B2','FR-03','103');
Insert into ESP_MODULE_CLASS (ASSIGNID,COEFFICIENT,NBRHOUR,TYPEEXAM,FK_CLASS,FK_MODULE,FK_SEMESTER) values ('89e5bd1b-7a65-4843-a76a-2d36b2HKfila','3','63','Écrit','3B2','AN-03','103');
Insert into ESP_MODULE_CLASS (ASSIGNID,COEFFICIENT,NBRHOUR,TYPEEXAM,FK_CLASS,FK_MODULE,FK_SEMESTER) values ('89e5bd1b-7a65-4843-a76a-2d36b2HKfMla','3','63','Écrit','3B1','AN-03','103');
Insert into ESP_MODULE_CLASS (ASSIGNID,COEFFICIENT,NBRHOUR,TYPEEXAM,FK_CLASS,FK_MODULE,FK_SEMESTER) values ('89e5bd1b-7a65-4843-a76a-1d36b2HKfMla','3','63','Écrit','3B1','ASD-03','103');
Insert into ESP_MODULE_CLASS (ASSIGNID,COEFFICIENT,NBRHOUR,TYPEEXAM,FK_CLASS,FK_MODULE,FK_SEMESTER) values ('89e5bd1b-7a65-4843-a76a-1d3642HKfMla','3','63','Écrit','3B2','ASD-03','103');
Insert into ESP_MODULE_CLASS (ASSIGNID,COEFFICIENT,NBRHOUR,TYPEEXAM,FK_CLASS,FK_MODULE,FK_SEMESTER) values ('89e5bd1b-7a65-4843-a76a-1d3642HKHMla','3','63','Écrit','3B2','TEI-03','103');
Insert into ESP_MODULE_CLASS (ASSIGNID,COEFFICIENT,NBRHOUR,TYPEEXAM,FK_CLASS,FK_MODULE,FK_SEMESTER) values ('89e5bd1b-7a65-4843-a76a-1d3442HKHMla','3','63','Écrit','3B1','TEI-03','103');
Insert into ESP_MODULE_CLASS (ASSIGNID,COEFFICIENT,NBRHOUR,TYPEEXAM,FK_CLASS,FK_MODULE,FK_SEMESTER) values ('89e5bd1b-7a65-4843-a76a-2d36bLHKfMla','3','63','Écrit','3EM1','AN-03','103');
Insert into ESP_MODULE_CLASS (ASSIGNID,COEFFICIENT,NBRHOUR,TYPEEXAM,FK_CLASS,FK_MODULE,FK_SEMESTER) values ('89e5bd1b-7a65-4843-a76a-2d36bLHKfLla','3','63','Écrit','3EM2','AN-03','103');
Insert into ESP_MODULE_CLASS (ASSIGNID,COEFFICIENT,NBRHOUR,TYPEEXAM,FK_CLASS,FK_MODULE,FK_SEMESTER) values ('89e5bd1b-7a65-4843-a76a-2d367LHKfLla','3','63','Écrit','3GC2','AN-03','103');
Insert into ESP_MODULE_CLASS (ASSIGNID,COEFFICIENT,NBRHOUR,TYPEEXAM,FK_CLASS,FK_MODULE,FK_SEMESTER) values ('89e5bd1b-7a65-4843-a76a-2d767LHKfLla','3','63','Écrit','3GC1','AN-03','103');
Insert into ESP_MODULE_CLASS (ASSIGNID,COEFFICIENT,NBRHOUR,TYPEEXAM,FK_CLASS,FK_MODULE,FK_SEMESTER) values ('89e5bd1b-7a65-4843-a76a-2d767LHKfLlO','3','63','Écrit','3GC1','FR-03','103');
Insert into ESP_MODULE_CLASS (ASSIGNID,COEFFICIENT,NBRHOUR,TYPEEXAM,FK_CLASS,FK_MODULE,FK_SEMESTER) values ('89e5bd1b-7a65-4843-a76a-2d767LHKfIlO','3','63','Écrit','3GC2','FR-03','103');
Insert into ESP_MODULE_CLASS (ASSIGNID,COEFFICIENT,NBRHOUR,TYPEEXAM,FK_CLASS,FK_MODULE,FK_SEMESTER) values ('89e5bd1b-7a65-4843-a76a-2d767JHKfIlO','3','63','Écrit','3EM2','FR-03','103');
Insert into ESP_MODULE_CLASS (ASSIGNID,COEFFICIENT,NBRHOUR,TYPEEXAM,FK_CLASS,FK_MODULE,FK_SEMESTER) values ('89e5bd1b-7a65-4843-a76a-2T767JHKfIlO','3','63','Écrit','3EM1','FR-03','103');
Insert into ESP_MODULE_CLASS (ASSIGNID,COEFFICIENT,NBRHOUR,TYPEEXAM,FK_CLASS,FK_MODULE,FK_SEMESTER) values ('89e5bd1b-7a65-4843-a76a-2T747JHKfIlO','3','63','Écrit','3EM1','EP-03','103');
Insert into ESP_MODULE_CLASS (ASSIGNID,COEFFICIENT,NBRHOUR,TYPEEXAM,FK_CLASS,FK_MODULE,FK_SEMESTER) values ('89e5bd1b-7a65-4843-a76a-2T7471HKfIlO','3','63','Écrit','3EM2','EP-03','103');
Insert into ESP_MODULE_CLASS (ASSIGNID,COEFFICIENT,NBRHOUR,TYPEEXAM,FK_CLASS,FK_MODULE,FK_SEMESTER) values ('89e5bd1b-7a65-4843-a77a-2d767LHKfLlO','3','63','Écrit','3EM1','HR-03','103');
Insert into ESP_MODULE_CLASS (ASSIGNID,COEFFICIENT,NBRHOUR,TYPEEXAM,FK_CLASS,FK_MODULE,FK_SEMESTER) values ('89e5bd1b-7a65-4843-a77M-2d767LHKfLlO','3','63','Écrit','3EM1','MI-03','103');
Insert into ESP_MODULE_CLASS (ASSIGNID,COEFFICIENT,NBRHOUR,TYPEEXAM,FK_CLASS,FK_MODULE,FK_SEMESTER) values ('89e5bd1b-7a65-4823-a76a-2d34b2bcfeea','3','63','Écrit','3EM1','MMC-03','103');
Insert into ESP_MODULE_CLASS (ASSIGNID,COEFFICIENT,NBRHOUR,TYPEEXAM,FK_CLASS,FK_MODULE,FK_SEMESTER) values ('89e5bd1b-7a65-4823-a76a-2d34b2bcfeLa','3','63','Écrit','3EM2','MMC-03','103');
Insert into ESP_MODULE_CLASS (ASSIGNID,COEFFICIENT,NBRHOUR,TYPEEXAM,FK_CLASS,FK_MODULE,FK_SEMESTER) values ('89e5bd1b-7a65-4823-a76a-2d34b2bFfeLa','3','63','Écrit','3EM2','MI-03','103');
Insert into ESP_MODULE_CLASS (ASSIGNID,COEFFICIENT,NBRHOUR,TYPEEXAM,FK_CLASS,FK_MODULE,FK_SEMESTER) values ('89e5bd1b-7a65-4823-a76a-2d34bMbFfeLa','3','63','Écrit','3EM2','HR-03','103');
Insert into ESP_MODULE_CLASS (ASSIGNID,COEFFICIENT,NBRHOUR,TYPEEXAM,FK_CLASS,FK_MODULE,FK_SEMESTER) values ('89e5bd1b-7a65-4823-a76a-2d74bMbFfeLa','3','63','Écrit','3GC1','MI-03','103');
Insert into ESP_MODULE_CLASS (ASSIGNID,COEFFICIENT,NBRHOUR,TYPEEXAM,FK_CLASS,FK_MODULE,FK_SEMESTER) values ('89e5bd1b-7a65-4823-a76a-2774bMbFfeLa','3','63','Écrit','3GC2','MI-03','103');
Insert into ESP_MODULE_CLASS (ASSIGNID,COEFFICIENT,NBRHOUR,TYPEEXAM,FK_CLASS,FK_MODULE,FK_SEMESTER) values ('89e5bd1b-7a65-4823-a76a-2774bM4FfeLa','3','63','Écrit','3GC2','BA-03','103');
Insert into ESP_MODULE_CLASS (ASSIGNID,COEFFICIENT,NBRHOUR,TYPEEXAM,FK_CLASS,FK_MODULE,FK_SEMESTER) values ('89e5bd1b-7a65-4823-a76a-2474bM4FfeLa','3','63','Écrit','3GC2','MS-03','103');
Insert into ESP_MODULE_CLASS (ASSIGNID,COEFFICIENT,NBRHOUR,TYPEEXAM,FK_CLASS,FK_MODULE,FK_SEMESTER) values ('89e5bd1b-7a65-4823-a76a-24744M4FfeLa','3','63','Écrit','3GC1','BA-03','103');
Insert into ESP_MODULE_CLASS (ASSIGNID,COEFFICIENT,NBRHOUR,TYPEEXAM,FK_CLASS,FK_MODULE,FK_SEMESTER) values ('89e5bd1b-7a65-4823-a76a-24F44M4FfeLa','3','63','Écrit','3GC1','CMM-03','103');
Insert into ESP_MODULE_CLASS (ASSIGNID,COEFFICIENT,NBRHOUR,TYPEEXAM,FK_CLASS,FK_MODULE,FK_SEMESTER) values ('89e5bd1b-7a65-4823-a76a-24D44M4FfeLa','3','63','Écrit','3GC2','CMM-03','103');
Insert into ESP_MODULE_CLASS (ASSIGNID,COEFFICIENT,NBRHOUR,TYPEEXAM,FK_CLASS,FK_MODULE,FK_SEMESTER) values ('89e5bd1b-7a65-4823-a76a-24DB4M4FfeLa','3','63','Écrit','3GC1','MS-03','103');
Insert into ESP_MODULE_CLASS (ASSIGNID,COEFFICIENT,NBRHOUR,TYPEEXAM,FK_CLASS,FK_MODULE,FK_SEMESTER) values ('89e5bd1b-7a65-4823-a76a-2d46b2bcfeea','3','63','Écrit','4ARCTIC1','AN-04','103');
Insert into ESP_MODULE_CLASS (ASSIGNID,COEFFICIENT,NBRHOUR,TYPEEXAM,FK_CLASS,FK_MODULE,FK_SEMESTER) values ('89e5bd1b-7a65-4823-a76a-4d46b2bcfeea','3','63','Écrit','4ARCTIC2','AN-04','103');
Insert into ESP_MODULE_CLASS (ASSIGNID,COEFFICIENT,NBRHOUR,TYPEEXAM,FK_CLASS,FK_MODULE,FK_SEMESTER) values ('89e5bd1b-7a65-4823-a76a-4d46b2Ocfeea','3','63','Écrit','4ERP-BI2','FR-04','103');
Insert into ESP_MODULE_CLASS (ASSIGNID,COEFFICIENT,NBRHOUR,TYPEEXAM,FK_CLASS,FK_MODULE,FK_SEMESTER) values ('89e5bd1b-7a65-4823-a76a-4d46b2OcfOea','3','63','Écrit','4ERP-BI2','AN-04','103');
Insert into ESP_MODULE_CLASS (ASSIGNID,COEFFICIENT,NBRHOUR,TYPEEXAM,FK_CLASS,FK_MODULE,FK_SEMESTER) values ('89e5bd1b-7a65-4823-a76a-4J46b2OcfOea','3','63','Écrit','4GC1','FR-04','103');
Insert into ESP_MODULE_CLASS (ASSIGNID,COEFFICIENT,NBRHOUR,TYPEEXAM,FK_CLASS,FK_MODULE,FK_SEMESTER) values ('89e5bd1b-7a65-4823-a76a-4J46b2OcLOea','3','63','Écrit','4GC2','FR-04','103');
Insert into ESP_MODULE_CLASS (ASSIGNID,COEFFICIENT,NBRHOUR,TYPEEXAM,FK_CLASS,FK_MODULE,FK_SEMESTER) values ('89e5bd1b-7a65-4823-a76a-2d36b2bfeea','3','63','Écrit','4ARCTIC1','SI-04','103');
Insert into ESP_MODULE_CLASS (ASSIGNID,COEFFICIENT,NBRHOUR,TYPEEXAM,FK_CLASS,FK_MODULE,FK_SEMESTER) values ('89e5bd1b-7a65-4823-a76a-2L36b2bfeea','3','63','Écrit','4ARCTIC2','SI-04','103');
Insert into ESP_MODULE_CLASS (ASSIGNID,COEFFICIENT,NBRHOUR,TYPEEXAM,FK_CLASS,FK_MODULE,FK_SEMESTER) values ('89e5bd1b-7a65-4823-a76a-2L36N2bfeea','3','63','Écrit','4ARCTIC2','TV-04','103');
Insert into ESP_MODULE_CLASS (ASSIGNID,COEFFICIENT,NBRHOUR,TYPEEXAM,FK_CLASS,FK_MODULE,FK_SEMESTER) values ('89e5bd1b-7a65-4823-a76a-2L37N2bfeea','3','63','Écrit','4ARCTIC1','TV-04','103');
Insert into ESP_MODULE_CLASS (ASSIGNID,COEFFICIENT,NBRHOUR,TYPEEXAM,FK_CLASS,FK_MODULE,FK_SEMESTER) values ('89e5bd1b-7a65-4823-a76a-2L47N2bfeea','3','63','Écrit','4ARCTIC1','SEA-04','103');
Insert into ESP_MODULE_CLASS (ASSIGNID,COEFFICIENT,NBRHOUR,TYPEEXAM,FK_CLASS,FK_MODULE,FK_SEMESTER) values ('89e5bd1b-7a65-4823-a76a-2L67N2bfeea','3','63','Écrit','4ARCTIC2','SEA-04','103');
Insert into ESP_MODULE_CLASS (ASSIGNID,COEFFICIENT,NBRHOUR,TYPEEXAM,FK_CLASS,FK_MODULE,FK_SEMESTER) values ('89e5bd1b-7a65-4823-a76a-2L67N25feea','3','63','Écrit','4ARCTIC2','ASI-04','103');
Insert into ESP_MODULE_CLASS (ASSIGNID,COEFFICIENT,NBRHOUR,TYPEEXAM,FK_CLASS,FK_MODULE,FK_SEMESTER) values ('89e5bd1b-7a65-4823-a76a-2L67N25fee7','3','63','Écrit','4ARCTIC1','ASI-04','103');
Insert into ESP_MODULE_CLASS (ASSIGNID,COEFFICIENT,NBRHOUR,TYPEEXAM,FK_CLASS,FK_MODULE,FK_SEMESTER) values ('89e5bd1b-7a65-4823-a76a-2L68N25fee7','3','63','Écrit','4ERP-BI1','IE-04','103');
Insert into ESP_MODULE_CLASS (ASSIGNID,COEFFICIENT,NBRHOUR,TYPEEXAM,FK_CLASS,FK_MODULE,FK_SEMESTER) values ('89e5bd1b-7a65-4823-a76a-2L68N95fee7','3','63','Écrit','4ERP-BI2','IE-04','103');

Insert into ESP_MODULE_CLASS_ENSEIGNANT (FK_ASSIGN_CLASS,FK_TEACHER) values ('4f0de09e-908c-43cc-b607-525a20207851','V-414-11');
Insert into ESP_MODULE_CLASS_ENSEIGNANT (FK_ASSIGN_CLASS,FK_TEACHER) values ('3b87db4c-548f-4787-bbfc-d7d4e8b2aac3','V-840-13');
Insert into ESP_MODULE_CLASS_ENSEIGNANT (FK_ASSIGN_CLASS,FK_TEACHER) values ('e2f887e8-9f97-4b25-8eb8-8191285a2c97','V-608-12');
Insert into ESP_MODULE_CLASS_ENSEIGNANT (FK_ASSIGN_CLASS,FK_TEACHER) values ('98f7420c-436b-453c-9cc9-22b5668bbb69','V-1335-16');
Insert into ESP_MODULE_CLASS_ENSEIGNANT (FK_ASSIGN_CLASS,FK_TEACHER) values ('3b87db4c-548f-4787-bbfc-d7d4e8b2bac3','V-643-12');
Insert into ESP_MODULE_CLASS_ENSEIGNANT (FK_ASSIGN_CLASS,FK_TEACHER) values ('89e5bd1b-7E65-4823-a56a-2LDGN4B48E','V-1466-16');
Insert into ESP_MODULE_CLASS_ENSEIGNANT (FK_ASSIGN_CLASS,FK_TEACHER) values ('291ef715-958e-4862-bfc4-74c72e056094','V-1065-14');
Insert into ESP_MODULE_CLASS_ENSEIGNANT (FK_ASSIGN_CLASS,FK_TEACHER) values ('0f4d3fe5-e2b7-4219-a1a0-397670336347','V-1337-16');
Insert into ESP_MODULE_CLASS_ENSEIGNANT (FK_ASSIGN_CLASS,FK_TEACHER) values ('d5d8cdc0-1e80-4453-8c85-64f5cce9dafa','V-608-12');
Insert into ESP_MODULE_CLASS_ENSEIGNANT (FK_ASSIGN_CLASS,FK_TEACHER) values ('2b2e0733-5da8-4a23-9e60-3ae837c0e1b7','V-988-14');
Insert into ESP_MODULE_CLASS_ENSEIGNANT (FK_ASSIGN_CLASS,FK_TEACHER) values ('df9a3765-1bd3-4ad8-96aa-eb52979bb765','P-287-11');
Insert into ESP_MODULE_CLASS_ENSEIGNANT (FK_ASSIGN_CLASS,FK_TEACHER) values ('7e6e4689-b516-492e-909e-8ed3d1ffd59e','P-1500-17');
Insert into ESP_MODULE_CLASS_ENSEIGNANT (FK_ASSIGN_CLASS,FK_TEACHER) values ('8cf64828-ad08-46a5-b8c1-ae11923059d1','V-1519-17');
Insert into ESP_MODULE_CLASS_ENSEIGNANT (FK_ASSIGN_CLASS,FK_TEACHER) values ('9cf41eec-981c-40d3-9caa-f36c55eaccc7','V-1227-15');
Insert into ESP_MODULE_CLASS_ENSEIGNANT (FK_ASSIGN_CLASS,FK_TEACHER) values ('cc8c1b3d-a7c7-45cf-b049-82ef25fdd777','P-1500-17');
Insert into ESP_MODULE_CLASS_ENSEIGNANT (FK_ASSIGN_CLASS,FK_TEACHER) values ('89e5bd1b-7a65-4823-a76a-2d36b2bcfeea','V-179-10');
Insert into ESP_MODULE_CLASS_ENSEIGNANT (FK_ASSIGN_CLASS,FK_TEACHER) values ('a74f693a-c394-4713-af70-af108bd09d67','V-1065-14');
Insert into ESP_MODULE_CLASS_ENSEIGNANT (FK_ASSIGN_CLASS,FK_TEACHER) values ('cd05a8cf-64f3-4e3d-8033-0eff0a4b26da','V-1332-16');
Insert into ESP_MODULE_CLASS_ENSEIGNANT (FK_ASSIGN_CLASS,FK_TEACHER) values ('89e5bd1b-7E65-4823-a56a-2SDG4T748E','P-1264-15');
Insert into ESP_MODULE_CLASS_ENSEIGNANT (FK_ASSIGN_CLASS,FK_TEACHER) values ('89e5bd1b-7E65-4823-a56a-2DDG4T748E','V-1441-16');
Insert into ESP_MODULE_CLASS_ENSEIGNANT (FK_ASSIGN_CLASS,FK_TEACHER) values ('89e5bd1b-7E65-4823-a56a-2DdG4T74eE','V-1441-16');
Insert into ESP_MODULE_CLASS_ENSEIGNANT (FK_ASSIGN_CLASS,FK_TEACHER) values ('89e5bd1b-7E65-4823-a56a-2DdG4T748E','V-1441-16');
Insert into ESP_MODULE_CLASS_ENSEIGNANT (FK_ASSIGN_CLASS,FK_TEACHER) values ('89e5bd1b-7E65-4823-a54a-2LDNDGFfH9','P-1500-17');
Insert into ESP_MODULE_CLASS_ENSEIGNANT (FK_ASSIGN_CLASS,FK_TEACHER) values ('89e5bd1b-7E65-4823-a54a-2LDNDGDfH9','P-1500-17');
Insert into ESP_MODULE_CLASS_ENSEIGNANT (FK_ASSIGN_CLASS,FK_TEACHER) values ('3b87db4c-548f-4787-bbfc-d7d4e8b2aac1','V-840-13');
Insert into ESP_MODULE_CLASS_ENSEIGNANT (FK_ASSIGN_CLASS,FK_TEACHER) values ('d7f52445-87d9-4ca5-9f46-b346ce902382','V-1337-16');
Insert into ESP_MODULE_CLASS_ENSEIGNANT (FK_ASSIGN_CLASS,FK_TEACHER) values ('65664e21-b4de-4377-b68b-e618531181c5','V-1335-16');
Insert into ESP_MODULE_CLASS_ENSEIGNANT (FK_ASSIGN_CLASS,FK_TEACHER) values ('60a79195-28d7-4c0c-bcce-17f4d2333c5f','V-1337-16');
Insert into ESP_MODULE_CLASS_ENSEIGNANT (FK_ASSIGN_CLASS,FK_TEACHER) values ('cdc146dc-da3f-4519-991e-c69d9a46a1cf','V-1332-16');
Insert into ESP_MODULE_CLASS_ENSEIGNANT (FK_ASSIGN_CLASS,FK_TEACHER) values ('ef18e191-e163-4b3e-88e7-4ac05e3c48b3','V-1335-16');
Insert into ESP_MODULE_CLASS_ENSEIGNANT (FK_ASSIGN_CLASS,FK_TEACHER) values ('5ef05082-0dd2-4baf-aac0-917cf7ac6ca3','V-1466-16');
Insert into ESP_MODULE_CLASS_ENSEIGNANT (FK_ASSIGN_CLASS,FK_TEACHER) values ('89e5bd1b-7E65-4823-a56a-2LDNDCFfH9','V-414-11');
Insert into ESP_MODULE_CLASS_ENSEIGNANT (FK_ASSIGN_CLASS,FK_TEACHER) values ('89e5bd1b-7E65-4823-a56a-2SDGN4B48E','P-1502-17');
Insert into ESP_MODULE_CLASS_ENSEIGNANT (FK_ASSIGN_CLASS,FK_TEACHER) values ('9dba6b99-a44c-4608-b8fe-ef0d31679ef6','V-1442-16');
Insert into ESP_MODULE_CLASS_ENSEIGNANT (FK_ASSIGN_CLASS,FK_TEACHER) values ('e009c628-e5d2-4b52-b0d6-e252299d4408','V-370-11');
Insert into ESP_MODULE_CLASS_ENSEIGNANT (FK_ASSIGN_CLASS,FK_TEACHER) values ('a334ccc7-1733-4ecd-ac94-818ca41731dc','V-1065-14');
Insert into ESP_MODULE_CLASS_ENSEIGNANT (FK_ASSIGN_CLASS,FK_TEACHER) values ('c10c937e-ad19-4257-97fd-a48b5b9a59ba','P-930-14');
Insert into ESP_MODULE_CLASS_ENSEIGNANT (FK_ASSIGN_CLASS,FK_TEACHER) values ('c4914f14-3a3c-40f8-8c4e-973106caf970','P-1485-16');
Insert into ESP_MODULE_CLASS_ENSEIGNANT (FK_ASSIGN_CLASS,FK_TEACHER) values ('3b87db4c-548f-4787-bbfc-d7d4n8b2bnc3','P-501-19');
Insert into ESP_MODULE_CLASS_ENSEIGNANT (FK_ASSIGN_CLASS,FK_TEACHER) values ('ef5aea05-0e77-4c26-84c9-ae94aa70bbca','P-1044-14');
Insert into ESP_MODULE_CLASS_ENSEIGNANT (FK_ASSIGN_CLASS,FK_TEACHER) values ('bc680373-4133-4543-bdee-5f9605c43c99','V-608-12');
Insert into ESP_MODULE_CLASS_ENSEIGNANT (FK_ASSIGN_CLASS,FK_TEACHER) values ('89e5bd1b-7E65-4823-a56a-2LDNDCBfH9','V-414-11');
Insert into ESP_MODULE_CLASS_ENSEIGNANT (FK_ASSIGN_CLASS,FK_TEACHER) values ('53f57792-d712-4d7b-967c-b749b4d9bb25','V-1341-16');
Insert into ESP_MODULE_CLASS_ENSEIGNANT (FK_ASSIGN_CLASS,FK_TEACHER) values ('5921b33c-d222-4aa3-b6a3-f3158226f942','P-924-14');
Insert into ESP_MODULE_CLASS_ENSEIGNANT (FK_ASSIGN_CLASS,FK_TEACHER) values ('46ecb866-a086-47a7-b335-12c638dc99a0','P-696-13');
Insert into ESP_MODULE_CLASS_ENSEIGNANT (FK_ASSIGN_CLASS,FK_TEACHER) values ('ee758a13-1ad2-42cf-abe7-64265032f9d3','V-1233-15');
Insert into ESP_MODULE_CLASS_ENSEIGNANT (FK_ASSIGN_CLASS,FK_TEACHER) values ('89e5bd1b-7a65-4843-a76a-2d36b1HKfela','V-1337-16');
Insert into ESP_MODULE_CLASS_ENSEIGNANT (FK_ASSIGN_CLASS,FK_TEACHER) values ('89e5bd1b-7a65-4843-a76a-2d767LHKfLlO','V-1337-16');
Insert into ESP_MODULE_CLASS_ENSEIGNANT (FK_ASSIGN_CLASS,FK_TEACHER) values ('89e5bd1b-7a65-4843-a76a-2d767JHKfIlO','V-1337-16');
Insert into ESP_MODULE_CLASS_ENSEIGNANT (FK_ASSIGN_CLASS,FK_TEACHER) values ('89e5bd1b-7a65-4823-a76a-2d34b2bcfeLa','V-840-13');
Insert into ESP_MODULE_CLASS_ENSEIGNANT (FK_ASSIGN_CLASS,FK_TEACHER) values ('89e5bd1b-7a65-4823-a76a-24744M4FfeLa','P-878-13');
Insert into ESP_MODULE_CLASS_ENSEIGNANT (FK_ASSIGN_CLASS,FK_TEACHER) values ('89e5bd1b-7a65-4843-a76a-2d36b2HKfeea','P-485-12');
Insert into ESP_MODULE_CLASS_ENSEIGNANT (FK_ASSIGN_CLASS,FK_TEACHER) values ('89e5bd1b-7a65-4843-a76a-2d36b2HKfeea','P-287-11');
Insert into ESP_MODULE_CLASS_ENSEIGNANT (FK_ASSIGN_CLASS,FK_TEACHER) values ('2255e683-f558-4e5f-b8c3-1c115a1efacf','P-1500-17');
Insert into ESP_MODULE_CLASS_ENSEIGNANT (FK_ASSIGN_CLASS,FK_TEACHER) values ('2255e683-f558-4e5f-b8c3-1c115a1efacf','P-287-11');
Insert into ESP_MODULE_CLASS_ENSEIGNANT (FK_ASSIGN_CLASS,FK_TEACHER) values ('89e5bd1b-7a65-4843-a76a-1d3642HKfMla','P-28-07');
Insert into ESP_MODULE_CLASS_ENSEIGNANT (FK_ASSIGN_CLASS,FK_TEACHER) values ('89e5bd1b-7a65-4843-a76a-1d3442HKHMla','V-988-14');
Insert into ESP_MODULE_CLASS_ENSEIGNANT (FK_ASSIGN_CLASS,FK_TEACHER) values ('89e5bd1b-7a65-4823-a76a-24DB4M4FfeLa','V-552-12');
Insert into ESP_MODULE_CLASS_ENSEIGNANT (FK_ASSIGN_CLASS,FK_TEACHER) values ('89e5bd1b-7a65-4843-a76a-2T7471HKfIlO','P-593-12');
Insert into ESP_MODULE_CLASS_ENSEIGNANT (FK_ASSIGN_CLASS,FK_TEACHER) values ('da08b105-53b0-4018-a3fe-5c62d03c3516','P-1502-17');
Insert into ESP_MODULE_CLASS_ENSEIGNANT (FK_ASSIGN_CLASS,FK_TEACHER) values ('3b87db4c-548f-4787-bbfc-d7d4e8b2bnc3','V-766-13');
Insert into ESP_MODULE_CLASS_ENSEIGNANT (FK_ASSIGN_CLASS,FK_TEACHER) values ('89e5bd1b-7a65-4843-a76a-2d36b2bKfeea','V-1233-15');
Insert into ESP_MODULE_CLASS_ENSEIGNANT (FK_ASSIGN_CLASS,FK_TEACHER) values ('f882ed4d-932c-4452-9e0b-1902a9e72ab5','V-1332-16');
Insert into ESP_MODULE_CLASS_ENSEIGNANT (FK_ASSIGN_CLASS,FK_TEACHER) values ('fa9029d5-9abe-4d4e-a161-bcac8831d6cd','V-1505-17');
Insert into ESP_MODULE_CLASS_ENSEIGNANT (FK_ASSIGN_CLASS,FK_TEACHER) values ('816fe362-1866-4017-b3bd-fdf8b5b9f16f','V-1335-16');
Insert into ESP_MODULE_CLASS_ENSEIGNANT (FK_ASSIGN_CLASS,FK_TEACHER) values ('f57f4949-85df-4034-9b5a-855e0784a70f','V-1337-16');
Insert into ESP_MODULE_CLASS_ENSEIGNANT (FK_ASSIGN_CLASS,FK_TEACHER) values ('5dffe006-1878-47e8-b37c-c14025881881','P-511-19');
Insert into ESP_MODULE_CLASS_ENSEIGNANT (FK_ASSIGN_CLASS,FK_TEACHER) values ('cab2de8b-c702-4b87-8c32-ed6693ec0422','P-478-19');
Insert into ESP_MODULE_CLASS_ENSEIGNANT (FK_ASSIGN_CLASS,FK_TEACHER) values ('3b87db4c-548f-4787-bbfc-d7d4e8b2aac9','P-1044-14');
Insert into ESP_MODULE_CLASS_ENSEIGNANT (FK_ASSIGN_CLASS,FK_TEACHER) values ('5921b33c-d222-4aa3-b6a3-f3158226f941','P-924-14');
Insert into ESP_MODULE_CLASS_ENSEIGNANT (FK_ASSIGN_CLASS,FK_TEACHER) values ('6e20d0fc-3b94-425e-bbb2-275a4de187ac','V-1341-16');
Insert into ESP_MODULE_CLASS_ENSEIGNANT (FK_ASSIGN_CLASS,FK_TEACHER) values ('89e5bd1b-7a65-4843-a76a-2T747JHKfIlO','V-821-13');
Insert into ESP_MODULE_CLASS_ENSEIGNANT (FK_ASSIGN_CLASS,FK_TEACHER) values ('89e5bd1b-7a65-4843-a77M-2d767LHKfLlO','V-414-11');
Insert into ESP_MODULE_CLASS_ENSEIGNANT (FK_ASSIGN_CLASS,FK_TEACHER) values ('89e5bd1b-7a65-4823-a76a-2d34b2bFfeLa','V-1466-16');
Insert into ESP_MODULE_CLASS_ENSEIGNANT (FK_ASSIGN_CLASS,FK_TEACHER) values ('89e5bd1b-7a65-4823-a76a-2d74bMbFfeLa','V-1442-16');
Insert into ESP_MODULE_CLASS_ENSEIGNANT (FK_ASSIGN_CLASS,FK_TEACHER) values ('89e5bd1b-7a65-4823-a76a-2d34b2bcfeea','P-1044-14');
Insert into ESP_MODULE_CLASS_ENSEIGNANT (FK_ASSIGN_CLASS,FK_TEACHER) values ('89e5bd1b-7a65-4823-a76a-2d34bMbFfeLa','P-1267-15');
Insert into ESP_MODULE_CLASS_ENSEIGNANT (FK_ASSIGN_CLASS,FK_TEACHER) values ('89e5bd1b-7a65-4823-a76a-2774bM4FfeLa','P-985-14');
Insert into ESP_MODULE_CLASS_ENSEIGNANT (FK_ASSIGN_CLASS,FK_TEACHER) values ('89e5bd1b-7a65-4823-a76a-24F44M4FfeLa','S-1354-16');
Insert into ESP_MODULE_CLASS_ENSEIGNANT (FK_ASSIGN_CLASS,FK_TEACHER) values ('89e5bd1b-7a65-4823-a76a-2474bM4FfeLa','S-1407-16');
Insert into ESP_MODULE_CLASS_ENSEIGNANT (FK_ASSIGN_CLASS,FK_TEACHER) values ('b00c282c-1ace-44fd-9808-410ec67dfeea','V-1337-16');
Insert into ESP_MODULE_CLASS_ENSEIGNANT (FK_ASSIGN_CLASS,FK_TEACHER) values ('5b8fa6e4-3207-4bbb-9fc6-e970aaa194d2','S-951-14');
Insert into ESP_MODULE_CLASS_ENSEIGNANT (FK_ASSIGN_CLASS,FK_TEACHER) values ('b4978482-46d4-4ad7-b1b4-c8148fac7259','V-1335-16');
Insert into ESP_MODULE_CLASS_ENSEIGNANT (FK_ASSIGN_CLASS,FK_TEACHER) values ('b91cb2e0-1f27-4dc1-9788-6734131cdc1b','V-1335-16');
Insert into ESP_MODULE_CLASS_ENSEIGNANT (FK_ASSIGN_CLASS,FK_TEACHER) values ('66857e24-b7c1-4b0c-89c0-3f9369c23201','V-1337-16');
Insert into ESP_MODULE_CLASS_ENSEIGNANT (FK_ASSIGN_CLASS,FK_TEACHER) values ('1ad1b03f-985e-49c3-b778-09f6a3dc8f71','V-1335-16');
Insert into ESP_MODULE_CLASS_ENSEIGNANT (FK_ASSIGN_CLASS,FK_TEACHER) values ('c5ceef6f-9844-4ac8-a0f3-3f26d2474252','V-1227-15');
Insert into ESP_MODULE_CLASS_ENSEIGNANT (FK_ASSIGN_CLASS,FK_TEACHER) values ('7609980f-59ac-4d71-917c-50ea707a24f1','V-988-14');
Insert into ESP_MODULE_CLASS_ENSEIGNANT (FK_ASSIGN_CLASS,FK_TEACHER) values ('8985f009-0201-47ce-a5d5-6c6f1857a46f','V-414-11');
Insert into ESP_MODULE_CLASS_ENSEIGNANT (FK_ASSIGN_CLASS,FK_TEACHER) values ('450bf492-72fd-4dea-af8a-6686781805f6','V-1227-15');
Insert into ESP_MODULE_CLASS_ENSEIGNANT (FK_ASSIGN_CLASS,FK_TEACHER) values ('3242dd4c-a075-4e11-b884-84768d2481f5','V-988-14');
Insert into ESP_MODULE_CLASS_ENSEIGNANT (FK_ASSIGN_CLASS,FK_TEACHER) values ('086acd35-1daf-4681-aa94-2b5e773b5e91','V-1505-17');
Insert into ESP_MODULE_CLASS_ENSEIGNANT (FK_ASSIGN_CLASS,FK_TEACHER) values ('612e51e2-9cce-43e9-ab86-e0ef7b114697','V-840-13');
Insert into ESP_MODULE_CLASS_ENSEIGNANT (FK_ASSIGN_CLASS,FK_TEACHER) values ('856c6510-7467-4388-936e-4c3708ee9bad','P-1485-16');
Insert into ESP_MODULE_CLASS_ENSEIGNANT (FK_ASSIGN_CLASS,FK_TEACHER) values ('4106e1e3-ed70-4971-9ff8-7bfe383ae22a','P-696-13');
Insert into ESP_MODULE_CLASS_ENSEIGNANT (FK_ASSIGN_CLASS,FK_TEACHER) values ('3b87db4c-547f-4787-bbfc-d7d4e8b2aac9','V-1335-16');
Insert into ESP_MODULE_CLASS_ENSEIGNANT (FK_ASSIGN_CLASS,FK_TEACHER) values ('89e5bd1b-7a65-4843-a76a-2d36b1HKfila','V-1335-16');
Insert into ESP_MODULE_CLASS_ENSEIGNANT (FK_ASSIGN_CLASS,FK_TEACHER) values ('89e5bd1b-7a65-4843-a76a-2d767LHKfIlO','V-1335-16');
Insert into ESP_MODULE_CLASS_ENSEIGNANT (FK_ASSIGN_CLASS,FK_TEACHER) values ('89e5bd1b-7a65-4843-a76a-2T767JHKfIlO','V-1335-16');
Insert into ESP_MODULE_CLASS_ENSEIGNANT (FK_ASSIGN_CLASS,FK_TEACHER) values ('89e5bd1b-7a65-4843-a76a-2d36b2bcfeea','V-1300-16');
Insert into ESP_MODULE_CLASS_ENSEIGNANT (FK_ASSIGN_CLASS,FK_TEACHER) values ('89e5bd1b-7a65-4843-a76a-2d36b2bcfeea','P-930-14');
Insert into ESP_MODULE_CLASS_ENSEIGNANT (FK_ASSIGN_CLASS,FK_TEACHER) values ('89e5bd1b-7a65-4843-a76a-2d36b1HKfeea','V-1300-16');
Insert into ESP_MODULE_CLASS_ENSEIGNANT (FK_ASSIGN_CLASS,FK_TEACHER) values ('89e5bd1b-7a65-4843-a76a-2d36b1HKfeea','P-1500-17');
Insert into ESP_MODULE_CLASS_ENSEIGNANT (FK_ASSIGN_CLASS,FK_TEACHER) values ('89e5bd1b-7a65-4843-a76a-1d36b2HKfMla','V-1561-17');
Insert into ESP_MODULE_CLASS_ENSEIGNANT (FK_ASSIGN_CLASS,FK_TEACHER) values ('89e5bd1b-7a65-4843-a76a-1d3642HKHMla','V-1441-16');
Insert into ESP_MODULE_CLASS_ENSEIGNANT (FK_ASSIGN_CLASS,FK_TEACHER) values ('89e5bd1b-7a65-4823-a76a-2774bMbFfeLa','V-1367-16');
Insert into ESP_MODULE_CLASS_ENSEIGNANT (FK_ASSIGN_CLASS,FK_TEACHER) values ('89e5bd1b-7a65-4843-a77a-2d767LHKfLlO','P-1502-17');
Insert into ESP_MODULE_CLASS_ENSEIGNANT (FK_ASSIGN_CLASS,FK_TEACHER) values ('89e5bd1b-7a65-4823-a76a-24D44M4FfeLa','S-951-14');

Insert into ESP_MODULE_PERIOD (FK_ASSIGN_CLASS,FK_PERIOD) values ('df9a3765-1bd3-4ad8-96aa-eb52979bb765','202');
Insert into ESP_MODULE_PERIOD (FK_ASSIGN_CLASS,FK_PERIOD) values ('3b87db4c-548f-4787-bbfc-d7d4e8b2aac3','201');
Insert into ESP_MODULE_PERIOD (FK_ASSIGN_CLASS,FK_PERIOD) values ('291ef715-958e-4862-bfc4-74c72e056094','202');
Insert into ESP_MODULE_PERIOD (FK_ASSIGN_CLASS,FK_PERIOD) values ('98f7420c-436b-453c-9cc9-22b5668bbb69','204');
Insert into ESP_MODULE_PERIOD (FK_ASSIGN_CLASS,FK_PERIOD) values ('3b87db4c-548f-4787-bbfc-d7d4e8b2bac3','201');
Insert into ESP_MODULE_PERIOD (FK_ASSIGN_CLASS,FK_PERIOD) values ('89e5bd1b-7E65-4823-a56a-2LDGN4B48E','201');
Insert into ESP_MODULE_PERIOD (FK_ASSIGN_CLASS,FK_PERIOD) values ('d5d8cdc0-1e80-4453-8c85-64f5cce9dafa','202');
Insert into ESP_MODULE_PERIOD (FK_ASSIGN_CLASS,FK_PERIOD) values ('a74f693a-c394-4713-af70-af108bd09d67','202');
Insert into ESP_MODULE_PERIOD (FK_ASSIGN_CLASS,FK_PERIOD) values ('0f4d3fe5-e2b7-4219-a1a0-397670336347','201');
Insert into ESP_MODULE_PERIOD (FK_ASSIGN_CLASS,FK_PERIOD) values ('0f4d3fe5-e2b7-4219-a1a0-397670336347','202');
Insert into ESP_MODULE_PERIOD (FK_ASSIGN_CLASS,FK_PERIOD) values ('cd05a8cf-64f3-4e3d-8033-0eff0a4b26da','202');
Insert into ESP_MODULE_PERIOD (FK_ASSIGN_CLASS,FK_PERIOD) values ('e2f887e8-9f97-4b25-8eb8-8191285a2c97','201');
Insert into ESP_MODULE_PERIOD (FK_ASSIGN_CLASS,FK_PERIOD) values ('e2f887e8-9f97-4b25-8eb8-8191285a2c97','202');
Insert into ESP_MODULE_PERIOD (FK_ASSIGN_CLASS,FK_PERIOD) values ('4f0de09e-908c-43cc-b607-525a20207851','203');
Insert into ESP_MODULE_PERIOD (FK_ASSIGN_CLASS,FK_PERIOD) values ('4f0de09e-908c-43cc-b607-525a20207851','204');
Insert into ESP_MODULE_PERIOD (FK_ASSIGN_CLASS,FK_PERIOD) values ('89e5bd1b-7a65-4823-a76a-2d36b2bcfeea','202');
Insert into ESP_MODULE_PERIOD (FK_ASSIGN_CLASS,FK_PERIOD) values ('89e5bd1b-7E65-4823-a56a-2SDG4T748E','201');
Insert into ESP_MODULE_PERIOD (FK_ASSIGN_CLASS,FK_PERIOD) values ('7e6e4689-b516-492e-909e-8ed3d1ffd59e','203');
Insert into ESP_MODULE_PERIOD (FK_ASSIGN_CLASS,FK_PERIOD) values ('2b2e0733-5da8-4a23-9e60-3ae837c0e1b7','203');
Insert into ESP_MODULE_PERIOD (FK_ASSIGN_CLASS,FK_PERIOD) values ('8cf64828-ad08-46a5-b8c1-ae11923059d1','203');
Insert into ESP_MODULE_PERIOD (FK_ASSIGN_CLASS,FK_PERIOD) values ('8cf64828-ad08-46a5-b8c1-ae11923059d1','204');
Insert into ESP_MODULE_PERIOD (FK_ASSIGN_CLASS,FK_PERIOD) values ('9cf41eec-981c-40d3-9caa-f36c55eaccc7','203');
Insert into ESP_MODULE_PERIOD (FK_ASSIGN_CLASS,FK_PERIOD) values ('9cf41eec-981c-40d3-9caa-f36c55eaccc7','204');
Insert into ESP_MODULE_PERIOD (FK_ASSIGN_CLASS,FK_PERIOD) values ('cc8c1b3d-a7c7-45cf-b049-82ef25fdd777','202');
Insert into ESP_MODULE_PERIOD (FK_ASSIGN_CLASS,FK_PERIOD) values ('2b2e0733-5da8-4a23-9e60-3ae837c0e1b7','204');
Insert into ESP_MODULE_PERIOD (FK_ASSIGN_CLASS,FK_PERIOD) values ('89e5bd1b-7E65-4823-a56a-2DDG4T748E','201');
Insert into ESP_MODULE_PERIOD (FK_ASSIGN_CLASS,FK_PERIOD) values ('89e5bd1b-7E65-4823-a56a-2DdG4T74eE','201');
Insert into ESP_MODULE_PERIOD (FK_ASSIGN_CLASS,FK_PERIOD) values ('89e5bd1b-7E65-4823-a56a-2DdG4T748E','201');
Insert into ESP_MODULE_PERIOD (FK_ASSIGN_CLASS,FK_PERIOD) values ('89e5bd1b-7E65-4823-a54a-2LDNDGFfH9','201');
Insert into ESP_MODULE_PERIOD (FK_ASSIGN_CLASS,FK_PERIOD) values ('89e5bd1b-7E65-4823-a54a-2LDNDGDfH9','201');
Insert into ESP_MODULE_PERIOD (FK_ASSIGN_CLASS,FK_PERIOD) values ('3b87db4c-548f-4787-bbfc-d7d4e8b2aac1','201');
Insert into ESP_MODULE_PERIOD (FK_ASSIGN_CLASS,FK_PERIOD) values ('d7f52445-87d9-4ca5-9f46-b346ce902382','204');
Insert into ESP_MODULE_PERIOD (FK_ASSIGN_CLASS,FK_PERIOD) values ('65664e21-b4de-4377-b68b-e618531181c5','204');
Insert into ESP_MODULE_PERIOD (FK_ASSIGN_CLASS,FK_PERIOD) values ('60a79195-28d7-4c0c-bcce-17f4d2333c5f','204');
Insert into ESP_MODULE_PERIOD (FK_ASSIGN_CLASS,FK_PERIOD) values ('cdc146dc-da3f-4519-991e-c69d9a46a1cf','204');
Insert into ESP_MODULE_PERIOD (FK_ASSIGN_CLASS,FK_PERIOD) values ('9dba6b99-a44c-4608-b8fe-ef0d31679ef6','203');
Insert into ESP_MODULE_PERIOD (FK_ASSIGN_CLASS,FK_PERIOD) values ('5ef05082-0dd2-4baf-aac0-917cf7ac6ca3','201');
Insert into ESP_MODULE_PERIOD (FK_ASSIGN_CLASS,FK_PERIOD) values ('89e5bd1b-7E65-4823-a56a-2LDNDCFfH9','201');
Insert into ESP_MODULE_PERIOD (FK_ASSIGN_CLASS,FK_PERIOD) values ('89e5bd1b-7E65-4823-a56a-2SDGN4B48E','201');
Insert into ESP_MODULE_PERIOD (FK_ASSIGN_CLASS,FK_PERIOD) values ('9dba6b99-a44c-4608-b8fe-ef0d31679ef6','204');
Insert into ESP_MODULE_PERIOD (FK_ASSIGN_CLASS,FK_PERIOD) values ('e009c628-e5d2-4b52-b0d6-e252299d4408','202');
Insert into ESP_MODULE_PERIOD (FK_ASSIGN_CLASS,FK_PERIOD) values ('ef18e191-e163-4b3e-88e7-4ac05e3c48b3','201');
Insert into ESP_MODULE_PERIOD (FK_ASSIGN_CLASS,FK_PERIOD) values ('ef18e191-e163-4b3e-88e7-4ac05e3c48b3','202');
Insert into ESP_MODULE_PERIOD (FK_ASSIGN_CLASS,FK_PERIOD) values ('a334ccc7-1733-4ecd-ac94-818ca41731dc','201');
Insert into ESP_MODULE_PERIOD (FK_ASSIGN_CLASS,FK_PERIOD) values ('a334ccc7-1733-4ecd-ac94-818ca41731dc','202');
Insert into ESP_MODULE_PERIOD (FK_ASSIGN_CLASS,FK_PERIOD) values ('5ef05082-0dd2-4baf-aac0-917cf7ac6ca3','202');
Insert into ESP_MODULE_PERIOD (FK_ASSIGN_CLASS,FK_PERIOD) values ('c10c937e-ad19-4257-97fd-a48b5b9a59ba','203');
Insert into ESP_MODULE_PERIOD (FK_ASSIGN_CLASS,FK_PERIOD) values ('c4914f14-3a3c-40f8-8c4e-973106caf970','203');
Insert into ESP_MODULE_PERIOD (FK_ASSIGN_CLASS,FK_PERIOD) values ('3b87db4c-548f-4787-bbfc-d7d4n8b2bnc3','202');
Insert into ESP_MODULE_PERIOD (FK_ASSIGN_CLASS,FK_PERIOD) values ('ef5aea05-0e77-4c26-84c9-ae94aa70bbca','203');
Insert into ESP_MODULE_PERIOD (FK_ASSIGN_CLASS,FK_PERIOD) values ('bc680373-4133-4543-bdee-5f9605c43c99','202');
Insert into ESP_MODULE_PERIOD (FK_ASSIGN_CLASS,FK_PERIOD) values ('89e5bd1b-7E65-4823-a56a-2LDNDCBfH9','201');
Insert into ESP_MODULE_PERIOD (FK_ASSIGN_CLASS,FK_PERIOD) values ('53f57792-d712-4d7b-967c-b749b4d9bb25','203');
Insert into ESP_MODULE_PERIOD (FK_ASSIGN_CLASS,FK_PERIOD) values ('da08b105-53b0-4018-a3fe-5c62d03c3516','201');
Insert into ESP_MODULE_PERIOD (FK_ASSIGN_CLASS,FK_PERIOD) values ('3b87db4c-548f-4787-bbfc-d7d4e8b2bnc3','201');